"","Sample","# ARG","# mobileARG_2","Stage","val"
"CCIS02379307ST-4-0","CCIS02379307ST-4-0",40,5,"CRC",5
"CCIS06260551ST-3-0","CCIS06260551ST-3-0",130,4,"CRC",4
"CCIS11015875ST-4-0","CCIS11015875ST-4-0",152,12,"CRC",12
"CCIS12656533ST-4-0","CCIS12656533ST-4-0",108,8,"CRC",8
"CCIS14449628ST-4-0","CCIS14449628ST-4-0",105,1,"CRC",1
"CCIS15704761ST-4-0","CCIS15704761ST-4-0",147,1,"CRC",1
"CCIS17669415ST-4-0","CCIS17669415ST-4-0",121,8,"CRC",8
"CCIS21278152ST-4-0","CCIS21278152ST-4-0",139,10,"CRC",10
"CCIS22416007ST-4-0","CCIS22416007ST-4-0",82,10,"CRC",10
"CCIS22958137ST-20-0","CCIS22958137ST-20-0",167,1,"CRC",1
"CCIS24254057ST-4-0","CCIS24254057ST-4-0",107,4,"CRC",4
"CCIS33816588ST-4-0","CCIS33816588ST-4-0",119,6,"CRC",6
"CCIS34055159ST-4-0","CCIS34055159ST-4-0",147,6,"CRC",6
"CCIS35100175ST-4-0","CCIS35100175ST-4-0",94,9,"CRC",9
"CCIS38765456ST-20-0","CCIS38765456ST-20-0",204,12,"CRC",12
"CCIS40244499ST-3-0","CCIS40244499ST-3-0",62,3,"CRC",3
"CCIS41222843ST-4-0","CCIS41222843ST-4-0",107,6,"CRC",6
"CCIS41288781ST-4-0","CCIS41288781ST-4-0",148,9,"CRC",9
"CCIS41548810ST-4-0","CCIS41548810ST-4-0",74,4,"CRC",4
"CCIS44757994ST-4-0","CCIS44757994ST-4-0",161,22,"CRC",22
"CCIS46047672ST-4-0","CCIS46047672ST-4-0",130,5,"CRC",5
"CCIS46467422ST-4-0","CCIS46467422ST-4-0",32,5,"CRC",5
"CCIS47284573ST-4-0","CCIS47284573ST-4-0",81,5,"CRC",5
"CCIS48725289ST-4-0","CCIS48725289ST-4-0",62,3,"CRC",3
"CCIS50148151ST-4-0","CCIS50148151ST-4-0",72,3,"CRC",3
"CCIS52370277ST-4-0","CCIS52370277ST-4-0",152,9,"CRC",9
"CCIS53043478ST-4-0","CCIS53043478ST-4-0",68,1,"CRC",1
"CCIS53355328ST-4-0","CCIS53355328ST-4-0",81,6,"CRC",6
"CCIS55230578ST-4-0","CCIS55230578ST-4-0",181,9,"CRC",9
"CCIS58234805ST-4-0","CCIS58234805ST-4-0",59,5,"CRC",5
"CCIS59132091ST-4-0","CCIS59132091ST-4-0",86,7,"CRC",7
"CCIS61287323ST-4-0","CCIS61287323ST-4-0",166,9,"CRC",9
"CCIS62605362ST-3-0","CCIS62605362ST-3-0",193,11,"CRC",11
"CCIS62794166ST-4-0","CCIS62794166ST-4-0",168,11,"CRC",11
"CCIS65479369ST-4-0","CCIS65479369ST-4-0",46,4,"CRC",4
"CCIS71301801ST-4-0","CCIS71301801ST-4-0",97,5,"CRC",5
"CCIS72607085ST-4-0","CCIS72607085ST-4-0",188,20,"CRC",20
"CCIS76845094ST-20-0","CCIS76845094ST-20-0",193,15,"CRC",15
"CCIS77252613ST-4-0","CCIS77252613ST-4-0",96,6,"CRC",6
"CCIS78318719ST-4-0","CCIS78318719ST-4-0",170,5,"CRC",5
"CCIS81887263ST-4-0","CCIS81887263ST-4-0",185,6,"CRC",6
"CCIS82146115ST-4-0","CCIS82146115ST-4-0",105,5,"CRC",5
"CCIS83870198ST-4-0","CCIS83870198ST-4-0",95,7,"CRC",7
"CCIS84543192ST-4-0","CCIS84543192ST-4-0",59,2,"CRC",2
"CCIS85214191ST-3-0","CCIS85214191ST-3-0",132,24,"CRC",24
"CCIS87116798ST-4-0","CCIS87116798ST-4-0",84,4,"CRC",4
"CCIS87167916ST-4-0","CCIS87167916ST-4-0",105,4,"CRC",4
"CCIS87252800ST-4-0","CCIS87252800ST-4-0",56,0,"CRC",0
"CCIS87605453ST-4-0","CCIS87605453ST-4-0",109,7,"CRC",7
"CCIS91228662ST-4-0","CCIS91228662ST-4-0",143,8,"CRC",8
"CCIS98512455ST-4-0","CCIS98512455ST-4-0",150,5,"CRC",5
"CCIS98832363ST-4-0","CCIS98832363ST-4-0",118,3,"CRC",3
"CCMD11006829ST-21-0","CCMD11006829ST-21-0",126,7,"CRC",7
"CCMD12232071ST-21-0","CCMD12232071ST-21-0",98,4,"CRC",4
"CCMD13071240ST-21-0","CCMD13071240ST-21-0",107,4,"CRC",4
"CCMD13934959ST-21-0","CCMD13934959ST-21-0",124,6,"CRC",6
"CCMD14479708ST-21-0","CCMD14479708ST-21-0",99,9,"CRC",9
"CCMD18872694ST-21-0","CCMD18872694ST-21-0",91,2,"CRC",2
"CCMD19497912ST-21-0","CCMD19497912ST-21-0",80,6,"CRC",6
"CCMD23101338ST-21-0","CCMD23101338ST-21-0",133,7,"CRC",7
"CCMD25511638ST-21-0","CCMD25511638ST-21-0",113,11,"CRC",11
"CCMD25963797ST-21-0","CCMD25963797ST-21-0",100,5,"CRC",5
"CCMD26709089ST-21-0","CCMD26709089ST-21-0",75,10,"CRC",10
"CCMD26925580ST-21-0","CCMD26925580ST-21-0",79,1,"CRC",1
"CCMD34381688ST-21-0","CCMD34381688ST-21-0",82,4,"CRC",4
"CCMD35802077ST-21-0","CCMD35802077ST-21-0",107,4,"CRC",4
"CCMD40701343ST-21-0","CCMD40701343ST-21-0",79,4,"CRC",4
"CCMD42428553ST-21-0","CCMD42428553ST-21-0",122,4,"CRC",4
"CCMD45988061ST-21-0","CCMD45988061ST-21-0",91,4,"CRC",4
"CCMD46222674ST-21-0","CCMD46222674ST-21-0",93,4,"CRC",4
"CCMD46947453ST-21-0","CCMD46947453ST-21-0",93,2,"CRC",2
"CCMD48236717ST-21-0","CCMD48236717ST-21-0",84,7,"CRC",7
"CCMD50071957ST-21-0","CCMD50071957ST-21-0",160,15,"CRC",15
"CCMD51864103ST-21-0","CCMD51864103ST-21-0",88,2,"CRC",2
"CCMD60079086ST-21-0","CCMD60079086ST-21-0",88,4,"CRC",4
"CCMD63399960ST-21-0","CCMD63399960ST-21-0",184,13,"CRC",13
"CCMD64503764ST-21-0","CCMD64503764ST-21-0",98,9,"CRC",9
"CCMD64776337ST-21-0","CCMD64776337ST-21-0",170,1,"CRC",1
"CCMD72895164ST-21-0","CCMD72895164ST-21-0",82,0,"CRC",0
"CCMD74930188ST-21-0","CCMD74930188ST-21-0",135,3,"CRC",3
"CCMD79987997ST-21-0","CCMD79987997ST-21-0",71,4,"CRC",4
"CCMD82866709ST-21-0","CCMD82866709ST-21-0",88,2,"CRC",2
"CCMD86114146ST-21-0","CCMD86114146ST-21-0",103,1,"CRC",1
"CCMD86707194ST-21-0","CCMD86707194ST-21-0",178,8,"CRC",8
"CCMD87156761ST-21-0","CCMD87156761ST-21-0",106,4,"CRC",4
"CCMD88272491ST-21-0","CCMD88272491ST-21-0",116,5,"CRC",5
"CCMD90311071ST-21-0","CCMD90311071ST-21-0",84,5,"CRC",5
"CCMD93344354ST-21-0","CCMD93344354ST-21-0",78,3,"CRC",3
"CCMD95433940ST-21-0","CCMD95433940ST-21-0",118,7,"CRC",7
"CCMD96553385ST-21-0","CCMD96553385ST-21-0",57,3,"CRC",3
"CCIS00146684ST-4-0","CCIS00146684ST-4-0",121,10,"CTRL",10
"CCIS00281083ST-3-0","CCIS00281083ST-3-0",45,5,"CTRL",5
"CCIS02124300ST-4-0","CCIS02124300ST-4-0",100,6,"CTRL",6
"CCIS02856720ST-4-0","CCIS02856720ST-4-0",180,10,"CTRL",10
"CCIS03473770ST-4-0","CCIS03473770ST-4-0",153,6,"CTRL",6
"CCIS03857607ST-4-0","CCIS03857607ST-4-0",84,3,"CTRL",3
"CCIS05314658ST-4-0","CCIS05314658ST-4-0",170,13,"CTRL",13
"CCIS07277498ST-4-0","CCIS07277498ST-4-0",88,4,"CTRL",4
"CCIS07539127ST-4-0","CCIS07539127ST-4-0",123,6,"CTRL",6
"CCIS07648107ST-4-0","CCIS07648107ST-4-0",99,6,"CTRL",6
"CCIS09568613ST-4-0","CCIS09568613ST-4-0",206,11,"CTRL",11
"CCIS10706551ST-3-0","CCIS10706551ST-3-0",61,2,"CTRL",2
"CCIS11354283ST-4-0","CCIS11354283ST-4-0",106,7,"CTRL",7
"CCIS11362406ST-4-0","CCIS11362406ST-4-0",179,5,"CTRL",5
"CCIS11558985ST-4-0","CCIS11558985ST-4-0",52,5,"CTRL",5
"CCIS13047523ST-4-0","CCIS13047523ST-4-0",75,6,"CTRL",6
"CCIS15794887ST-4-0","CCIS15794887ST-4-0",93,4,"CTRL",4
"CCIS16326685ST-4-0","CCIS16326685ST-4-0",77,5,"CTRL",5
"CCIS16383318ST-4-0","CCIS16383318ST-4-0",192,12,"CTRL",12
"CCIS16561622ST-4-0","CCIS16561622ST-4-0",128,8,"CTRL",8
"CCIS20795251ST-4-0","CCIS20795251ST-4-0",88,3,"CTRL",3
"CCIS21126322ST-4-0","CCIS21126322ST-4-0",104,9,"CTRL",9
"CCIS23164343ST-4-0","CCIS23164343ST-4-0",184,8,"CTRL",8
"CCIS27304052ST-3-0","CCIS27304052ST-3-0",66,5,"CTRL",5
"CCIS27927933ST-4-0","CCIS27927933ST-4-0",71,4,"CTRL",4
"CCIS29210128ST-4-0","CCIS29210128ST-4-0",71,4,"CTRL",4
"CCIS29688262ST-20-0","CCIS29688262ST-20-0",95,4,"CTRL",4
"CCIS32452666ST-4-0","CCIS32452666ST-4-0",160,11,"CTRL",11
"CCIS34604008ST-4-0","CCIS34604008ST-4-0",109,7,"CTRL",7
"CCIS36699628ST-4-0","CCIS36699628ST-4-0",156,10,"CTRL",10
"CCIS36797902ST-4-0","CCIS36797902ST-4-0",152,8,"CTRL",8
"CCIS41692898ST-4-0","CCIS41692898ST-4-0",93,5,"CTRL",5
"CCIS44093303ST-4-0","CCIS44093303ST-4-0",74,4,"CTRL",4
"CCIS45571137ST-3-0","CCIS45571137ST-3-0",48,1,"CTRL",1
"CCIS45793747ST-4-0","CCIS45793747ST-4-0",187,13,"CTRL",13
"CCIS48174381ST-4-0","CCIS48174381ST-4-0",132,11,"CTRL",11
"CCIS50003399ST-4-0","CCIS50003399ST-4-0",84,9,"CTRL",9
"CCIS50471204ST-4-0","CCIS50471204ST-4-0",124,8,"CTRL",8
"CCIS51595129ST-4-0","CCIS51595129ST-4-0",91,7,"CTRL",7
"CCIS63448910ST-4-0","CCIS63448910ST-4-0",137,9,"CTRL",9
"CCIS63468405ST-4-0","CCIS63468405ST-4-0",183,11,"CTRL",11
"CCIS63910149ST-4-0","CCIS63910149ST-4-0",60,4,"CTRL",4
"CCIS64773582ST-4-0","CCIS64773582ST-4-0",177,8,"CTRL",8
"CCIS64785924ST-20-0","CCIS64785924ST-20-0",35,2,"CTRL",2
"CCIS71578391ST-4-0","CCIS71578391ST-4-0",116,7,"CTRL",7
"CCIS74239020ST-4-0","CCIS74239020ST-4-0",106,3,"CTRL",3
"CCIS78100604ST-4-0","CCIS78100604ST-4-0",117,6,"CTRL",6
"CCIS79210440ST-3-0","CCIS79210440ST-3-0",136,8,"CTRL",8
"CCIS80834637ST-4-0","CCIS80834637ST-4-0",92,10,"CTRL",10
"CCIS81139242ST-4-0","CCIS81139242ST-4-0",83,11,"CTRL",11
"CCIS82507866ST-3-0","CCIS82507866ST-3-0",70,4,"CTRL",4
"CCIS82944710ST-20-0","CCIS82944710ST-20-0",36,3,"CTRL",3
"CCIS88007743ST-4-0","CCIS88007743ST-4-0",178,17,"CTRL",17
"CCIS88317640ST-4-0","CCIS88317640ST-4-0",187,14,"CTRL",14
"CCIS90164298ST-4-0","CCIS90164298ST-4-0",107,7,"CTRL",7
"CCIS93040568ST-20-0","CCIS93040568ST-20-0",62,5,"CTRL",5
"CCIS94417875ST-3-0","CCIS94417875ST-3-0",77,5,"CTRL",5
"CCIS94603952ST-4-0","CCIS94603952ST-4-0",145,6,"CTRL",6
"CCIS95097901ST-4-0","CCIS95097901ST-4-0",106,8,"CTRL",8
"CCIS95409808ST-4-0","CCIS95409808ST-4-0",166,8,"CTRL",8
"CCIS98482370ST-3-0","CCIS98482370ST-3-0",56,0,"CTRL",0
"SID31004","SID31004",83,3,"CRC",3
"SID31159","SID31159",116,7,"CRC",7
"SID31188","SID31188",109,0,"CRC",0
"SID31223","SID31223",83,1,"CRC",1
"SID31237","SID31237",70,0,"CRC",0
"SID31276","SID31276",110,6,"CRC",6
"SID31285","SID31285",112,5,"CRC",5
"SID31367","SID31367",180,15,"CRC",15
"SID31446","SID31446",163,10,"CRC",10
"SID31489","SID31489",85,1,"CRC",1
"SID31493","SID31493",132,6,"CRC",6
"SID31549","SID31549",91,2,"CRC",2
"SID31685","SID31685",69,5,"CRC",5
"SID31865","SID31865",57,2,"CRC",2
"SID31866","SID31866",182,9,"CRC",9
"SID31868","SID31868",192,16,"CRC",16
"SID31870","SID31870",87,6,"CRC",6
"SID31871","SID31871",68,1,"CRC",1
"SID31872","SID31872",126,8,"CRC",8
"SID31873","SID31873",100,3,"CRC",3
"SID31874","SID31874",97,0,"CRC",0
"SID31875","SID31875",124,5,"CRC",5
"SID31876","SID31876",188,6,"CRC",6
"SID31877","SID31877",85,6,"CRC",6
"SID31878","SID31878",101,1,"CRC",1
"SID31879","SID31879",146,2,"CRC",2
"SID31880","SID31880",178,16,"CRC",16
"SID31881","SID31881",102,6,"CRC",6
"SID31883","SID31883",175,9,"CRC",9
"SID31884","SID31884",155,7,"CRC",7
"SID530373","SID530373",105,7,"CRC",7
"SID530890","SID530890",174,11,"CRC",11
"SID531128","SID531128",112,5,"CRC",5
"SID531155","SID531155",136,2,"CRC",2
"SID531248","SID531248",78,0,"CRC",0
"SID531274","SID531274",129,9,"CRC",9
"SID531277","SID531277",142,2,"CRC",2
"SID531281","SID531281",158,8,"CRC",8
"SID531333","SID531333",119,5,"CRC",5
"SID531352","SID531352",150,7,"CRC",7
"SID531361","SID531361",72,5,"CRC",5
"SID531382","SID531382",69,3,"CRC",3
"SID531416","SID531416",180,8,"CRC",8
"SID531469","SID531469",95,5,"CRC",5
"SID531766","SID531766",79,6,"CRC",6
"SID531775","SID531775",158,13,"CRC",13
"SID31009","SID31009",108,1,"CTRL",1
"SID31021","SID31021",95,6,"CTRL",6
"SID31071","SID31071",74,1,"CTRL",1
"SID31112","SID31112",54,3,"CTRL",3
"SID31129","SID31129",117,3,"CTRL",3
"SID31160","SID31160",92,5,"CTRL",5
"SID31219","SID31219",143,6,"CTRL",6
"SID31232","SID31232",75,5,"CTRL",5
"SID31236","SID31236",81,5,"CTRL",5
"SID31267","SID31267",91,3,"CTRL",3
"SID31300","SID31300",105,4,"CTRL",4
"SID31328","SID31328",125,7,"CTRL",7
"SID31333","SID31333",74,1,"CTRL",1
"SID31343","SID31343",155,4,"CTRL",4
"SID31360","SID31360",99,7,"CTRL",7
"SID31379","SID31379",92,2,"CTRL",2
"SID31416","SID31416",60,1,"CTRL",1
"SID31428","SID31428",57,4,"CTRL",4
"SID31450","SID31450",124,4,"CTRL",4
"SID31452","SID31452",88,2,"CTRL",2
"SID31512","SID31512",54,0,"CTRL",0
"SID31519","SID31519",85,3,"CTRL",3
"SID31537","SID31537",75,4,"CTRL",4
"SID31557","SID31557",86,0,"CTRL",0
"SID31600","SID31600",107,1,"CTRL",1
"SID31637","SID31637",150,8,"CTRL",8
"SID31700","SID31700",181,6,"CTRL",6
"SID31711","SID31711",112,6,"CTRL",6
"SID31714","SID31714",139,10,"CTRL",10
"SID31723","SID31723",114,1,"CTRL",1
"SID31749","SID31749",164,3,"CTRL",3
"SID31750","SID31750",163,4,"CTRL",4
"SID31766","SID31766",51,1,"CTRL",1
"SID530050","SID530050",167,8,"CTRL",8
"SID530052","SID530052",56,4,"CTRL",4
"SID530055","SID530055",107,6,"CTRL",6
"SID530074","SID530074",48,0,"CTRL",0
"SID530075","SID530075",143,4,"CTRL",4
"SID530119","SID530119",87,3,"CTRL",3
"SID530154","SID530154",137,5,"CTRL",5
"SID530163","SID530163",68,5,"CTRL",5
"SID530167","SID530167",172,10,"CTRL",10
"SID530177","SID530177",72,0,"CTRL",0
"SID530215","SID530215",83,5,"CTRL",5
"SID530227","SID530227",79,3,"CTRL",3
"SID530251","SID530251",108,0,"CTRL",0
"SID530258","SID530258",89,3,"CTRL",3
"SID530295","SID530295",97,5,"CTRL",5
"SID530315","SID530315",129,7,"CTRL",7
"SID530331","SID530331",81,9,"CTRL",9
"SID530364","SID530364",142,2,"CTRL",2
"SID530368","SID530368",58,0,"CTRL",0
"SID530394","SID530394",104,3,"CTRL",3
"SID530444","SID530444",72,1,"CTRL",1
"SID530451","SID530451",178,6,"CTRL",6
"SID531414","SID531414",91,5,"CTRL",5
"SID531424","SID531424",30,1,"CTRL",1
"SID532749","SID532749",94,5,"CTRL",5
"SID532779","SID532779",121,6,"CTRL",6
"SID532796","SID532796",92,4,"CTRL",4
"SID532802","SID532802",120,0,"CTRL",0
"SID532826","SID532826",103,5,"CTRL",5
"SID532915","SID532915",118,3,"CTRL",3
"MMRS12272136ST","MMRS12272136ST",81,0,"CRC",0
"MMRS14379078ST","MMRS14379078ST",66,0,"CRC",0
"MMRS14602194ST","MMRS14602194ST",167,2,"CRC",2
"MMRS15137911ST","MMRS15137911ST",174,9,"CRC",9
"MMRS16644320ST","MMRS16644320ST",162,5,"CRC",5
"MMRS18295921ST","MMRS18295921ST",86,0,"CRC",0
"MMRS24340226ST","MMRS24340226ST",63,4,"CRC",4
"MMRS25641480ST","MMRS25641480ST",92,4,"CRC",4
"MMRS31306426ST","MMRS31306426ST",86,5,"CRC",5
"MMRS34525504ST","MMRS34525504ST",60,0,"CRC",0
"MMRS41266697ST","MMRS41266697ST",161,6,"CRC",6
"MMRS41711735ST","MMRS41711735ST",122,5,"CRC",5
"MMRS42780924ST","MMRS42780924ST",106,3,"CRC",3
"MMRS43563715ST","MMRS43563715ST",82,5,"CRC",5
"MMRS43939546ST","MMRS43939546ST",158,3,"CRC",3
"MMRS44197125ST","MMRS44197125ST",78,1,"CRC",1
"MMRS44203591ST","MMRS44203591ST",54,3,"CRC",3
"MMRS44587603ST","MMRS44587603ST",120,1,"CRC",1
"MMRS47662059ST","MMRS47662059ST",153,5,"CRC",5
"MMRS47685461ST","MMRS47685461ST",96,6,"CRC",6
"MMRS51410669ST","MMRS51410669ST",73,2,"CRC",2
"MMRS51728985ST","MMRS51728985ST",89,4,"CRC",4
"MMRS54316675ST","MMRS54316675ST",171,3,"CRC",3
"MMRS55294627ST","MMRS55294627ST",93,5,"CRC",5
"MMRS59699117ST","MMRS59699117ST",49,0,"CRC",0
"MMRS62376181ST","MMRS62376181ST",85,4,"CRC",4
"MMRS64281211ST","MMRS64281211ST",156,1,"CRC",1
"MMRS65205033ST","MMRS65205033ST",69,0,"CRC",0
"MMRS65945127ST","MMRS65945127ST",138,5,"CRC",5
"MMRS67247116ST","MMRS67247116ST",94,3,"CRC",3
"MMRS68910755ST","MMRS68910755ST",86,5,"CRC",5
"MMRS71762412ST","MMRS71762412ST",100,8,"CRC",8
"MMRS72802364ST","MMRS72802364ST",76,1,"CRC",1
"MMRS72980899ST","MMRS72980899ST",104,3,"CRC",3
"MMRS77018926ST","MMRS77018926ST",74,0,"CRC",0
"MMRS77321055ST","MMRS77321055ST",87,4,"CRC",4
"MMRS77487595ST","MMRS77487595ST",166,2,"CRC",2
"MMRS78791111ST","MMRS78791111ST",78,4,"CRC",4
"MMRS80093644ST","MMRS80093644ST",161,11,"CRC",11
"MMRS81194191ST","MMRS81194191ST",76,2,"CRC",2
"MMRS81671217ST","MMRS81671217ST",97,2,"CRC",2
"MMRS84954772ST","MMRS84954772ST",90,1,"CRC",1
"MMRS85382779ST","MMRS85382779ST",159,5,"CRC",5
"MMRS86178473ST","MMRS86178473ST",86,3,"CRC",3
"MMRS86958796ST","MMRS86958796ST",83,6,"CRC",6
"MMRS90191266ST","MMRS90191266ST",99,4,"CRC",4
"MMRS92544445ST","MMRS92544445ST",157,6,"CRC",6
"MMRS93508324ST","MMRS93508324ST",80,3,"CRC",3
"MMRS96422329ST","MMRS96422329ST",80,3,"CRC",3
"MMRS97052561ST","MMRS97052561ST",90,5,"CRC",5
"MMRS97327636ST","MMRS97327636ST",81,4,"CRC",4
"MMRS99045180ST","MMRS99045180ST",53,2,"CRC",2
"MMRS11288076ST","MMRS11288076ST",82,4,"CTRL",4
"MMRS11932626ST","MMRS11932626ST",93,5,"CTRL",5
"MMRS17603756ST","MMRS17603756ST",84,5,"CTRL",5
"MMRS17963147ST","MMRS17963147ST",79,4,"CTRL",4
"MMRS20257302ST","MMRS20257302ST",110,1,"CTRL",1
"MMRS21365932ST","MMRS21365932ST",109,4,"CTRL",4
"MMRS25211151ST","MMRS25211151ST",105,5,"CTRL",5
"MMRS29805707ST","MMRS29805707ST",87,4,"CTRL",4
"MMRS32573774ST","MMRS32573774ST",103,5,"CTRL",5
"MMRS33294861ST","MMRS33294861ST",99,0,"CTRL",0
"MMRS34569532ST","MMRS34569532ST",101,8,"CTRL",8
"MMRS35808664ST","MMRS35808664ST",176,3,"CTRL",3
"MMRS36405092ST","MMRS36405092ST",76,3,"CTRL",3
"MMRS38861560ST","MMRS38861560ST",104,5,"CTRL",5
"MMRS38954404ST","MMRS38954404ST",111,2,"CTRL",2
"MMRS39415781ST","MMRS39415781ST",75,0,"CTRL",0
"MMRS39582183ST","MMRS39582183ST",99,3,"CTRL",3
"MMRS40913371ST","MMRS40913371ST",83,1,"CTRL",1
"MMRS51307502ST","MMRS51307502ST",86,0,"CTRL",0
"MMRS51737257ST","MMRS51737257ST",115,5,"CTRL",5
"MMRS54246132ST","MMRS54246132ST",86,1,"CTRL",1
"MMRS56137463ST","MMRS56137463ST",130,7,"CTRL",7
"MMRS57276462ST","MMRS57276462ST",85,1,"CTRL",1
"MMRS57569834ST","MMRS57569834ST",85,4,"CTRL",4
"MMRS61683006ST","MMRS61683006ST",99,1,"CTRL",1
"MMRS62192467ST","MMRS62192467ST",67,3,"CTRL",3
"MMRS62666492ST","MMRS62666492ST",78,1,"CTRL",1
"MMRS64281551ST","MMRS64281551ST",120,1,"CTRL",1
"MMRS65742083ST","MMRS65742083ST",140,5,"CTRL",5
"MMRS65862658ST","MMRS65862658ST",111,1,"CTRL",1
"MMRS66868025ST","MMRS66868025ST",76,0,"CTRL",0
"MMRS67096717ST","MMRS67096717ST",69,6,"CTRL",6
"MMRS68630931ST","MMRS68630931ST",58,0,"CTRL",0
"MMRS73787048ST","MMRS73787048ST",102,1,"CTRL",1
"MMRS79893829ST","MMRS79893829ST",58,1,"CTRL",1
"MMRS81130264ST","MMRS81130264ST",80,3,"CTRL",3
"MMRS81135225ST","MMRS81135225ST",90,4,"CTRL",4
"MMRS84085284ST","MMRS84085284ST",59,3,"CTRL",3
"MMRS84159866ST","MMRS84159866ST",87,0,"CTRL",0
"MMRS85438660ST","MMRS85438660ST",64,4,"CTRL",4
"MMRS85548821ST","MMRS85548821ST",73,4,"CTRL",4
"MMRS86168210ST","MMRS86168210ST",129,0,"CTRL",0
"MMRS87723283ST","MMRS87723283ST",67,6,"CTRL",6
"MMRS88581325ST","MMRS88581325ST",116,5,"CTRL",5
"MMRS91297590ST","MMRS91297590ST",72,3,"CTRL",3
"MMRS92546335ST","MMRS92546335ST",54,0,"CTRL",0
"MMRS93621581ST","MMRS93621581ST",116,3,"CTRL",3
"MMRS94549160ST","MMRS94549160ST",158,5,"CTRL",5
"MMRS95277876ST","MMRS95277876ST",76,2,"CTRL",2
"MMRS95479054ST","MMRS95479054ST",99,1,"CTRL",1
"MMRS95674036ST","MMRS95674036ST",64,1,"CTRL",1
"MMRS97307143ST","MMRS97307143ST",66,0,"CTRL",0
"MG100150","MG100150",15,0,"CRC",0
"MG100152","MG100152",26,0,"CRC",0
"MG100153","MG100153",39,0,"CTRL",0
"MG100154","MG100154",42,0,"CTRL",0
"MG100127","MG100127",18,0,"CRC",0
"MG100155","MG100155",13,0,"CTRL",0
"MG100160","MG100160",20,1,"CTRL",1
"MG100162","MG100162",18,0,"CTRL",0
"MG100163","MG100163",1,0,"CTRL",0
"MG100164","MG100164",12,0,"CTRL",0
"MG100169","MG100169",16,0,"CTRL",0
"MG100125","MG100125",18,0,"CRC",0
"MG100126","MG100126",23,0,"CRC",0
"MG100128","MG100128",30,2,"CRC",2
"MG100129","MG100129",28,0,"CRC",0
"MG100130","MG100130",29,0,"CRC",0
"MG100131","MG100131",28,2,"CRC",2
"MG100132","MG100132",43,5,"CRC",5
"MG100133","MG100133",40,0,"CRC",0
"MG100134","MG100134",81,0,"CRC",0
"MG100136","MG100136",26,0,"CRC",0
"MG100137","MG100137",90,10,"CRC",10
"MG100138","MG100138",32,0,"CRC",0
"MG100139","MG100139",95,0,"CRC",0
"MG100140","MG100140",20,0,"CRC",0
"MG100141","MG100141",83,1,"CRC",1
"MG100143","MG100143",26,1,"CRC",1
"MG100144","MG100144",31,0,"CRC",0
"MG100145","MG100145",62,1,"CRC",1
"MG100146","MG100146",21,0,"CRC",0
"MG100147","MG100147",104,6,"CRC",6
"MG100148","MG100148",57,1,"CRC",1
"MG100149","MG100149",17,0,"CRC",0
"MG100151","MG100151",24,0,"CRC",0
"MG100156","MG100156",21,0,"CTRL",0
"MG100157","MG100157",25,1,"CTRL",1
"MG100158","MG100158",103,1,"CTRL",1
"MG100159","MG100159",20,0,"CTRL",0
"MG100161","MG100161",70,0,"CTRL",0
"MG100165","MG100165",47,2,"CTRL",2
"MG100166","MG100166",32,0,"CTRL",0
"MG100167","MG100167",23,0,"CTRL",0
"MG100168","MG100168",89,0,"CTRL",0
"MG100170","MG100170",14,0,"CTRL",0
"MG100171","MG100171",31,0,"CTRL",0
"MG100172","MG100172",16,1,"CTRL",1
"MG100173","MG100173",86,1,"CTRL",1
"MG100174","MG100174",25,0,"CTRL",0
"MG100175","MG100175",31,0,"CTRL",0
"MG100176","MG100176",22,0,"CTRL",0
"MG100177","MG100177",16,0,"CTRL",0
"MG100178","MG100178",47,0,"CTRL",0
"MG100179","MG100179",42,4,"CTRL",4
"MG100180","MG100180",43,0,"CTRL",0
"GF15","GF15",135,5,"CRC",5
"SBJ01C","SBJ01C",153,11,"CRC",11
"SBJ02C","SBJ02C",99,5,"CRC",5
"SBJ04C","SBJ04C",75,3,"CRC",3
"SBJ05C","SBJ05C",84,7,"CRC",7
"SBJ06C","SBJ06C",182,12,"CRC",12
"SBJ07C","SBJ07C",102,7,"CRC",7
"SBJ10C","SBJ10C",93,8,"CRC",8
"SBJ11C","SBJ11C",144,10,"CRC",10
"SBJ12C","SBJ12C",79,12,"CRC",12
"SBJ20C","SBJ20C",170,8,"CRC",8
"SBJ22C","SBJ22C",58,3,"CRC",3
"SBJ25C","SBJ25C",138,7,"CRC",7
"SBJ26C","SBJ26C",94,9,"CRC",9
"SBJ27C","SBJ27C",80,6,"CRC",6
"SBJ29C","SBJ29C",100,1,"CRC",1
"SBJ31C","SBJ31C",55,2,"CRC",2
"SBJ32C","SBJ32C",85,1,"CRC",1
"SBJ33C","SBJ33C",95,5,"CRC",5
"SBJ35C","SBJ35C",80,3,"CRC",3
"SBJ36C","SBJ36C",134,9,"CRC",9
"SBJ39C","SBJ39C",68,5,"CRC",5
"SBJ40C","SBJ40C",118,6,"CRC",6
"SBJ42C","SBJ42C",190,20,"CRC",20
"SBJ47C","SBJ47C",80,3,"CRC",3
"SBJ49C","SBJ49C",91,7,"CRC",7
"SBJ50C","SBJ50C",90,3,"CRC",3
"SBJ51C","SBJ51C",132,7,"CRC",7
"SBJ52C","SBJ52C",75,5,"CRC",5
"SBJ53C","SBJ53C",89,2,"CRC",2
"SBJ55C","SBJ55C",99,6,"CRC",6
"SBJ61C","SBJ61C",159,8,"CRC",8
"SBJ64C","SBJ64C",95,2,"CRC",2
"VF100","VF100",107,5,"CRC",5
"VF107","VF107",144,14,"CRC",14
"VF114","VF114",153,10,"CRC",10
"VF120","VF120",161,22,"CRC",22
"VF145","VF145",89,6,"CRC",6
"VF154","VF154",187,8,"CRC",8
"VF166","VF166",102,3,"CRC",3
"VF174","VF174",52,4,"CRC",4
"VF176","VF176",77,11,"CRC",11
"VF192","VF192",125,4,"CRC",4
"VF207","VF207",158,8,"CRC",8
"VF208","VF208",87,1,"CRC",1
"VF216","VF216",108,11,"CRC",11
"VF217","VF217",204,18,"CRC",18
"VF232","VF232",62,6,"CRC",6
"VF234","VF234",165,8,"CRC",8
"VF251","VF251",65,8,"CRC",8
"VF264","VF264",104,5,"CRC",5
"VF270","VF270",154,15,"CRC",15
"VF273","VF273",201,12,"CRC",12
"VF281","VF281",132,5,"CRC",5
"VF29","VF29",72,5,"CRC",5
"VF300","VF300",181,11,"CRC",11
"VF65","VF65",197,16,"CRC",16
"VF71","VF71",132,3,"CRC",3
"VF73","VF73",147,9,"CRC",9
"VF77","VF77",105,11,"CRC",11
"VF95","VF95",125,4,"CRC",4
"GF06","GF06",152,9,"CTRL",9
"SBJ03H","SBJ03H",76,6,"CTRL",6
"SBJ16H","SBJ16H",77,6,"CTRL",6
"SBJ17H","SBJ17H",67,12,"CTRL",12
"SBJ18H","SBJ18H",72,3,"CTRL",3
"SBJ21H","SBJ21H",83,8,"CTRL",8
"SBJ24H","SBJ24H",138,4,"CTRL",4
"SBJ34H","SBJ34H",77,5,"CTRL",5
"SBJ37H","SBJ37H",36,4,"CTRL",4
"SBJ45H","SBJ45H",161,9,"CTRL",9
"SBJ46H","SBJ46H",101,9,"CTRL",9
"SBJ57H","SBJ57H",87,4,"CTRL",4
"SBJ60H","SBJ60H",119,7,"CTRL",7
"SBJ63H","SBJ63H",172,14,"CTRL",14
"SBJ65H","SBJ65H",71,1,"CTRL",1
"SBJ67H","SBJ67H",96,3,"CTRL",3
"SBJ68H","SBJ68H",98,6,"CTRL",6
"SBJ69H","SBJ69H",80,3,"CTRL",3
"SBJ73H","SBJ73H",108,5,"CTRL",5
"SBJ74H","SBJ74H",61,1,"CTRL",1
"SBJ75H","SBJ75H",87,8,"CTRL",8
"SBJ77H","SBJ77H",75,5,"CTRL",5
"SBJ78H","SBJ78H",69,4,"CTRL",4
"SBJ79H","SBJ79H",151,3,"CTRL",3
"SBJ80H","SBJ80H",55,3,"CTRL",3
"SBJ81H","SBJ81H",94,7,"CTRL",7
"SBJ82H","SBJ82H",73,5,"CTRL",5
"SBJ83H","SBJ83H",66,8,"CTRL",8
"SBJ84H","SBJ84H",89,9,"CTRL",9
"VF00TL","VF00TL",130,4,"CTRL",4
"VF06","VF06",139,4,"CTRL",4
"VF10","VF10",64,6,"CTRL",6
"VF140","VF140",75,2,"CTRL",2
"VF170","VF170",90,7,"CTRL",7
"VF171","VF171",150,8,"CTRL",8
"VF18","VF18",80,6,"CTRL",6
"VF189","VF189",135,6,"CTRL",6
"VF206","VF206",71,2,"CTRL",2
"VF212","VF212",79,5,"CTRL",5
"VF255","VF255",66,3,"CTRL",3
"VF259","VF259",141,9,"CTRL",9
"VF261","VF261",51,4,"CTRL",4
"VF262","VF262",91,10,"CTRL",10
"VF263","VF263",104,9,"CTRL",9
"VF265","VF265",63,2,"CTRL",2
"VF279","VF279",67,9,"CTRL",9
"VF28","VF28",111,5,"CTRL",5
"VF31","VF31",99,6,"CTRL",6
"VF40","VF40",90,10,"CTRL",10
"VF43","VF43",113,8,"CTRL",8
"VF82","VF82",45,4,"CTRL",4
"VF84","VF84",121,6,"CTRL",6
"CCMD19168690ST","CCMD19168690ST",56,5,"CRC",5
"CCMD21593359ST","CCMD21593359ST",96,3,"CRC",3
"CCMD21703880ST","CCMD21703880ST",62,2,"CRC",2
"CCMD27463710ST","CCMD27463710ST",83,5,"CRC",5
"CCMD35633353ST","CCMD35633353ST",66,1,"CRC",1
"CCMD42956136ST","CCMD42956136ST",142,2,"CRC",2
"CCMD49461418ST","CCMD49461418ST",55,5,"CRC",5
"CCMD52117727ST","CCMD52117727ST",65,6,"CRC",6
"CCMD52145360ST","CCMD52145360ST",64,4,"CRC",4
"CCMD59583015ST","CCMD59583015ST",60,7,"CRC",7
"CCMD65222621ST","CCMD65222621ST",57,4,"CRC",4
"CCMD65406197ST","CCMD65406197ST",150,6,"CRC",6
"CCMD71242853ST","CCMD71242853ST",73,4,"CRC",4
"CCMD71915439ST","CCMD71915439ST",51,1,"CRC",1
"CCMD72690923ST","CCMD72690923ST",58,2,"CRC",2
"CCMD76222476ST","CCMD76222476ST",58,2,"CRC",2
"CCMD79349503ST","CCMD79349503ST",76,4,"CRC",4
"CCMD89306485ST","CCMD89306485ST",36,0,"CRC",0
"CCMD92404903ST","CCMD92404903ST",118,1,"CRC",1
"CCMD95431029ST","CCMD95431029ST",63,1,"CRC",1
"CCMD95676152ST","CCMD95676152ST",72,1,"CRC",1
"CCMD98531134ST","CCMD98531134ST",61,3,"CRC",3
"CCMD10032470ST","CCMD10032470ST",69,6,"CTRL",6
"CCMD10191450ST","CCMD10191450ST",121,1,"CTRL",1
"CCMD15562448ST","CCMD15562448ST",147,7,"CTRL",7
"CCMD17410933ST","CCMD17410933ST",89,4,"CTRL",4
"CCMD18579000ST","CCMD18579000ST",126,2,"CTRL",2
"CCMD18829815ST","CCMD18829815ST",83,5,"CTRL",5
"CCMD22852639ST","CCMD22852639ST",94,0,"CTRL",0
"CCMD23541216ST","CCMD23541216ST",95,3,"CTRL",3
"CCMD25475945ST","CCMD25475945ST",170,13,"CTRL",13
"CCMD26625622ST","CCMD26625622ST",92,5,"CTRL",5
"CCMD27867141ST","CCMD27867141ST",116,9,"CTRL",9
"CCMD28738636ST","CCMD28738636ST",64,2,"CTRL",2
"CCMD29706695ST","CCMD29706695ST",115,4,"CTRL",4
"CCMD30626189ST","CCMD30626189ST",80,5,"CTRL",5
"CCMD30627121ST","CCMD30627121ST",100,8,"CTRL",8
"CCMD31009081ST","CCMD31009081ST",119,4,"CTRL",4
"CCMD31134579ST","CCMD31134579ST",168,10,"CTRL",10
"CCMD32288175ST","CCMD32288175ST",161,11,"CTRL",11
"CCMD32965613ST","CCMD32965613ST",169,5,"CTRL",5
"CCMD35081859ST","CCMD35081859ST",112,2,"CTRL",2
"CCMD35801800ST","CCMD35801800ST",111,2,"CTRL",2
"CCMD37575804ST","CCMD37575804ST",96,0,"CTRL",0
"CCMD38158721ST","CCMD38158721ST",73,10,"CTRL",10
"CCMD39157124ST","CCMD39157124ST",107,6,"CTRL",6
"CCMD39882286ST","CCMD39882286ST",121,4,"CTRL",4
"CCMD41202658ST","CCMD41202658ST",148,4,"CTRL",4
"CCMD41521570ST","CCMD41521570ST",104,1,"CTRL",1
"CCMD45004878ST","CCMD45004878ST",105,4,"CTRL",4
"CCMD45812507ST","CCMD45812507ST",79,4,"CTRL",4
"CCMD46727384ST","CCMD46727384ST",166,7,"CTRL",7
"CCMD49025643ST","CCMD49025643ST",188,16,"CTRL",16
"CCMD49942357ST","CCMD49942357ST",71,2,"CTRL",2
"CCMD50300306ST","CCMD50300306ST",71,1,"CTRL",1
"CCMD50529145ST","CCMD50529145ST",84,1,"CTRL",1
"CCMD50538120ST","CCMD50538120ST",64,0,"CTRL",0
"CCMD51154251ST","CCMD51154251ST",109,7,"CTRL",7
"CCMD51228890ST","CCMD51228890ST",96,4,"CTRL",4
"CCMD53508245ST","CCMD53508245ST",162,4,"CTRL",4
"CCMD53522274ST","CCMD53522274ST",93,2,"CTRL",2
"CCMD54057834ST","CCMD54057834ST",86,4,"CTRL",4
"CCMD56948710ST","CCMD56948710ST",115,2,"CTRL",2
"CCMD59540613ST","CCMD59540613ST",84,0,"CTRL",0
"CCMD66848156ST","CCMD66848156ST",93,1,"CTRL",1
"CCMD67373733ST","CCMD67373733ST",114,2,"CTRL",2
"CCMD68973846ST","CCMD68973846ST",82,4,"CTRL",4
"CCMD72666896ST","CCMD72666896ST",70,6,"CTRL",6
"CCMD73128545ST","CCMD73128545ST",103,9,"CTRL",9
"CCMD74592084ST","CCMD74592084ST",73,4,"CTRL",4
"CCMD75147712ST","CCMD75147712ST",55,0,"CTRL",0
"CCMD76409700ST","CCMD76409700ST",107,3,"CTRL",3
"CCMD85481373ST","CCMD85481373ST",149,6,"CTRL",6
"CCMD85661207ST","CCMD85661207ST",95,3,"CTRL",3
"CCMD89107682ST","CCMD89107682ST",96,4,"CTRL",4
"CCMD89643949ST","CCMD89643949ST",123,3,"CTRL",3
"CCMD89967135ST","CCMD89967135ST",101,7,"CTRL",7
"CCMD93755960ST","CCMD93755960ST",103,1,"CTRL",1
"CCMD98198513ST","CCMD98198513ST",59,2,"CTRL",2
"CCMD98702133ST","CCMD98702133ST",94,8,"CTRL",8
"CCMD99440714ST","CCMD99440714ST",85,5,"CTRL",5
"CCMD99929634ST","CCMD99929634ST",101,3,"CTRL",3
"A10A","A10A",167,8,"CRC",8
"M113A","M113A",191,14,"CRC",14
"M115A","M115A",69,3,"CRC",3
"M116A","M116A",210,4,"CRC",4
"M117A","M117A",125,3,"CRC",3
"M118A","M118A",138,8,"CRC",8
"M122A","M122A",146,7,"CRC",7
"M123A","M123A",140,10,"CRC",10
"M2-PK001A","M2-PK001A",121,11,"CRC",11
"M2-PK002A","M2-PK002A",165,5,"CRC",5
"M2-PK003A","M2-PK003A",147,5,"CRC",5
"M2-PK004A","M2-PK004A",146,3,"CRC",3
"M2-PK005A","M2-PK005A",169,27,"CRC",27
"M2-PK006A","M2-PK006A",114,4,"CRC",4
"M2-PK007A","M2-PK007A",151,14,"CRC",14
"M2-PK008A","M2-PK008A",225,22,"CRC",22
"M2-PK009A","M2-PK009A",215,28,"CRC",28
"M2-PK010A","M2-PK010A",124,7,"CRC",7
"M2-PK011A","M2-PK011A",190,17,"CRC",17
"M2-PK012A","M2-PK012A",136,8,"CRC",8
"M2-PK013A","M2-PK013A",154,24,"CRC",24
"M2-PK014A","M2-PK014A",181,12,"CRC",12
"M2-PK015A","M2-PK015A",182,21,"CRC",21
"M2-PK016A","M2-PK016A",145,8,"CRC",8
"M2-PK017A","M2-PK017A",195,30,"CRC",30
"M2-PK018A","M2-PK018A",95,15,"CRC",15
"M2-PK019A","M2-PK019A",90,3,"CRC",3
"M2-PK021A","M2-PK021A",101,2,"CRC",2
"M2-PK022A","M2-PK022A",103,7,"CRC",7
"M2-PK023A","M2-PK023A",100,4,"CRC",4
"M2-PK024A","M2-PK024A",169,11,"CRC",11
"M2-PK026A","M2-PK026A",160,8,"CRC",8
"M2-PK027A","M2-PK027A",138,5,"CRC",5
"M2-PK029A","M2-PK029A",175,6,"CRC",6
"M2-PK030A","M2-PK030A",145,11,"CRC",11
"M2-PK032A","M2-PK032A",160,7,"CRC",7
"M2-PK037A","M2-PK037A",166,19,"CRC",19
"M2-PK038A","M2-PK038A",180,7,"CRC",7
"M2-PK041A","M2-PK041A",193,14,"CRC",14
"M2-PK042A","M2-PK042A",175,10,"CRC",10
"M2-PK043A","M2-PK043A",182,37,"CRC",37
"M2-PK045A","M2-PK045A",100,10,"CRC",10
"M2-PK046A","M2-PK046A",209,22,"CRC",22
"M2-PK047A","M2-PK047A",197,6,"CRC",6
"M2-PK051A","M2-PK051A",96,9,"CRC",9
"M2-PK052A","M2-PK052A",190,23,"CRC",23
"M2-PK055A","M2-PK055A",93,8,"CRC",8
"M2-PK056B","M2-PK056B",114,4,"CRC",4
"M2-PK059A","M2-PK059A",171,5,"CRC",5
"M2-PK063A","M2-PK063A",100,8,"CRC",8
"M2-PK064A","M2-PK064A",116,15,"CRC",15
"M2-PK065A","M2-PK065A",151,14,"CRC",14
"M2-PK066A","M2-PK066A",101,4,"CRC",4
"M2-PK067A","M2-PK067A",114,6,"CRC",6
"M2-PK069B","M2-PK069B",95,4,"CRC",4
"M2-PK083B","M2-PK083B",218,13,"CRC",13
"M2-PK084A","M2-PK084A",74,5,"CRC",5
"M2-PK085A","M2-PK085A",119,14,"CRC",14
"M84A","M84A",58,4,"CRC",4
"M89A","M89A",175,26,"CRC",26
"MSC103A","MSC103A",229,18,"CRC",18
"MSC119A","MSC119A",96,9,"CRC",9
"MSC120A","MSC120A",149,11,"CRC",11
"MSC1A","MSC1A",116,12,"CRC",12
"MSC45A","MSC45A",202,12,"CRC",12
"MSC4A","MSC4A",99,6,"CRC",6
"MSC54A","MSC54A",148,3,"CRC",3
"MSC5A","MSC5A",106,1,"CRC",1
"MSC63A","MSC63A",91,4,"CRC",4
"MSC6A","MSC6A",101,10,"CRC",10
"MSC76A","MSC76A",143,13,"CRC",13
"MSC78A","MSC78A",164,12,"CRC",12
"MSC79A","MSC79A",125,5,"CRC",5
"MSC81A","MSC81A",201,18,"CRC",18
"S3_043","S3_043",220,20,"CRC",20
"S5_002","S5_002",146,2,"CRC",2
"S5_003","S5_003",99,9,"CRC",9
"S5_006","S5_006",73,6,"CRC",6
"S5_007","S5_007",225,21,"CRC",21
"S5_008","S5_008",193,35,"CRC",35
"S5_009","S5_009",188,13,"CRC",13
"S5_010","S5_010",212,20,"CRC",20
"S5_011","S5_011",210,21,"CRC",21
"S5_012_merged","S5_012_merged",215,14,"CRC",14
"S5_013","S5_013",198,30,"CRC",30
"S5_014","S5_014",106,2,"CRC",2
"S5_015","S5_015",205,10,"CRC",10
"S5_016","S5_016",97,4,"CRC",4
"S5_017","S5_017",228,18,"CRC",18
"S5_018","S5_018",177,27,"CRC",27
"S5_019","S5_019",209,16,"CRC",16
"S5_020","S5_020",200,9,"CRC",9
"S5_021","S5_021",146,8,"CRC",8
"S5_022","S5_022",168,10,"CRC",10
"S5_023","S5_023",243,22,"CRC",22
"S5_025","S5_025",195,24,"CRC",24
"S5_026","S5_026",176,19,"CRC",19
"S5_027","S5_027",118,5,"CRC",5
"S5_028","S5_028",200,9,"CRC",9
"S5_029","S5_029",184,12,"CRC",12
"S5_030","S5_030",472,8,"CRC",8
"S5_031","S5_031",175,8,"CRC",8
"S5_032","S5_032",120,5,"CRC",5
"S5_034","S5_034",201,20,"CRC",20
"S5_035","S5_035",205,11,"CRC",11
"S5_037","S5_037",101,3,"CRC",3
"S5_038","S5_038",189,17,"CRC",17
"S5_039","S5_039",217,19,"CRC",19
"S5_040","S5_040",228,18,"CRC",18
"S5_041","S5_041",192,27,"CRC",27
"S5_042","S5_042",184,5,"CRC",5
"S5_043","S5_043",205,17,"CRC",17
"S5_045","S5_045",114,10,"CRC",10
"S5_047","S5_047",223,12,"CRC",12
"S5_052","S5_052",209,7,"CRC",7
"S5_055","S5_055",186,12,"CRC",12
"S5_055-2","S5_055-2",154,11,"CRC",11
"S5_056","S5_056",242,14,"CRC",14
"S5_057","S5_057",163,12,"CRC",12
"S5_060","S5_060",223,24,"CRC",24
"S5_061","S5_061",123,8,"CRC",8
"S5_062","S5_062",209,17,"CRC",17
"S5_064","S5_064",217,15,"CRC",15
"S5_066","S5_066",185,17,"CRC",17
"S5_068","S5_068",172,21,"CRC",21
"S5_070","S5_070",109,6,"CRC",6
"S5_071","S5_071",176,11,"CRC",11
"S5_072","S5_072",192,9,"CRC",9
"S5_073","S5_073",204,12,"CRC",12
"S5_075","S5_075",182,12,"CRC",12
"S5_076","S5_076",240,20,"CRC",20
"S5_077","S5_077",156,7,"CRC",7
"S5_078","S5_078",191,11,"CRC",11
"S5_080","S5_080",198,11,"CRC",11
"S5_082","S5_082",202,12,"CRC",12
"S5_083","S5_083",183,7,"CRC",7
"S5_084_merged","S5_084_merged",248,24,"CRC",24
"S5_085","S5_085",239,14,"CRC",14
"S5_086","S5_086",225,13,"CRC",13
"S5_087","S5_087",252,25,"CRC",25
"S5_088","S5_088",106,7,"CRC",7
"S5_089","S5_089",151,9,"CRC",9
"S5_091","S5_091",217,35,"CRC",35
"S5_092","S5_092",238,13,"CRC",13
"S5_093","S5_093",189,15,"CRC",15
"S5_094_merged","S5_094_merged",184,11,"CRC",11
"S5_096","S5_096",187,20,"CRC",20
"S5_098","S5_098",149,10,"CRC",10
"S5_099","S5_099",153,15,"CRC",15
"S5_101","S5_101",239,30,"CRC",30
"S5_104","S5_104",267,27,"CRC",27
"S6_001","S6_001",214,23,"CRC",23
"S6_002","S6_002",207,22,"CRC",22
"S6_003_merged","S6_003_merged",90,9,"CRC",9
"S6_004","S6_004",154,12,"CRC",12
"S6_005","S6_005",180,19,"CRC",19
"S6_006","S6_006",109,6,"CRC",6
"S6_007","S6_007",169,15,"CRC",15
"S6_008","S6_008",180,9,"CRC",9
"S6_009","S6_009",186,10,"CRC",10
"S6_010","S6_010",202,35,"CRC",35
"S6_011","S6_011",205,15,"CRC",15
"S6_012","S6_012",216,20,"CRC",20
"S6_013","S6_013",108,3,"CRC",3
"S6_014","S6_014",133,12,"CRC",12
"S6_015","S6_015",179,28,"CRC",28
"S6_016","S6_016",150,7,"CRC",7
"S6_017","S6_017",188,13,"CRC",13
"S6_018","S6_018",260,24,"CRC",24
"S6_019","S6_019",184,11,"CRC",11
"S6_020","S6_020",237,22,"CRC",22
"S6_021","S6_021",199,15,"CRC",15
"S6_022","S6_022",166,11,"CRC",11
"S6_023","S6_023",140,11,"CRC",11
"S6_024","S6_024",224,32,"CRC",32
"S6_025","S6_025",221,25,"CRC",25
"S6_026","S6_026",188,12,"CRC",12
"S6_027","S6_027",186,15,"CRC",15
"S6_028","S6_028",170,7,"CRC",7
"S6_029","S6_029",220,19,"CRC",19
"S6_030","S6_030",236,12,"CRC",12
"S6_031","S6_031",224,14,"CRC",14
"S6_032","S6_032",230,25,"CRC",25
"S6_035","S6_035",94,7,"CRC",7
"502A","502A",163,15,"CTRL",15
"506A","506A",78,2,"CTRL",2
"509A","509A",158,16,"CTRL",16
"512A","512A",214,13,"CTRL",13
"515A","515A",195,20,"CTRL",20
"516A","516A",147,14,"CTRL",14
"517A","517A",150,11,"CTRL",11
"519A","519A",90,5,"CTRL",5
"530A","530A",140,11,"CTRL",11
"531A","531A",182,21,"CTRL",21
"534A","534A",86,7,"CTRL",7
"536A","536A",229,8,"CTRL",8
"A21A","A21A",137,10,"CTRL",10
"A51A","A51A",122,4,"CTRL",4
"A60A","A60A",156,6,"CTRL",6
"ANS1024","ANS1024",169,12,"CTRL",12
"ANS1037","ANS1037",168,14,"CTRL",14
"ANS1038","ANS1038",165,7,"CTRL",7
"ANS1101","ANS1101",178,21,"CTRL",21
"ANS1112","ANS1112",188,23,"CTRL",23
"ANS1114","ANS1114",101,5,"CTRL",5
"ANS1115","ANS1115",179,12,"CTRL",12
"ANS1119","ANS1119",196,29,"CTRL",29
"ANS1133","ANS1133",174,15,"CTRL",15
"ANS1135","ANS1135",131,9,"CTRL",9
"ANS1170","ANS1170",77,4,"CTRL",4
"ANS1178","ANS1178",152,4,"CTRL",4
"ANS1186","ANS1186",164,29,"CTRL",29
"ANS1189","ANS1189",148,4,"CTRL",4
"ANS1190","ANS1190",193,11,"CTRL",11
"ANS1205","ANS1205",183,8,"CTRL",8
"ANS1217","ANS1217",124,12,"CTRL",12
"ANS1218","ANS1218",178,9,"CTRL",9
"ANS1222","ANS1222",205,20,"CTRL",20
"ANS1454","ANS1454",169,11,"CTRL",11
"ANS1456","ANS1456",136,1,"CTRL",1
"ANS1475","ANS1475",174,6,"CTRL",6
"ANS16","ANS16",175,10,"CTRL",10
"ANS19","ANS19",88,1,"CTRL",1
"ANS23","ANS23",98,7,"CTRL",7
"ANS27","ANS27",116,8,"CTRL",8
"ANS3","ANS3",199,25,"CTRL",25
"ANS30","ANS30",161,11,"CTRL",11
"ANS31","ANS31",213,21,"CTRL",21
"ANS46","ANS46",245,13,"CTRL",13
"ANS49","ANS49",194,22,"CTRL",22
"ANS52","ANS52",200,24,"CTRL",24
"ANS7","ANS7",175,24,"CTRL",24
"ANS71","ANS71",205,22,"CTRL",22
"ANS78","ANS78",168,20,"CTRL",20
"ANS85","ANS85",193,24,"CTRL",24
"ANS97","ANS97",127,10,"CTRL",10
"M2-PK504A","M2-PK504A",157,6,"CTRL",6
"M2-PK514A","M2-PK514A",54,7,"CTRL",7
"M2-PK520B","M2-PK520B",112,4,"CTRL",4
"M2-PK523A","M2-PK523A",172,18,"CTRL",18
"M2-PK524A","M2-PK524A",168,17,"CTRL",17
"M2-PK531B","M2-PK531B",165,19,"CTRL",19
"M2-PK532A","M2-PK532A",170,16,"CTRL",16
"M2-PK533A","M2-PK533A",193,9,"CTRL",9
"M2-PK543A","M2-PK543A",81,4,"CTRL",4
"M2-PK548A","M2-PK548A",141,8,"CTRL",8
"M2-PK556A","M2-PK556A",173,16,"CTRL",16
"M2-PK558A","M2-PK558A",130,11,"CTRL",11
"M2-PK602A","M2-PK602A",159,7,"CTRL",7
"M2-PK615A","M2-PK615A",112,8,"CTRL",8
"M2-PK617A","M2-PK617A",185,21,"CTRL",21
"M2-PK619A","M2-PK619A",88,8,"CTRL",8
"M2-PK630A","M2-PK630A",190,10,"CTRL",10
"M2-PK644A","M2-PK644A",142,8,"CTRL",8
"M2-PK647A","M2-PK647A",202,15,"CTRL",15
"M2-PK649A","M2-PK649A",78,8,"CTRL",8
"M2-PK653A","M2-PK653A",122,7,"CTRL",7
"M2-PK656A","M2-PK656A",137,7,"CTRL",7
"M2-PK659A","M2-PK659A",190,22,"CTRL",22
"M2-PK663A","M2-PK663A",185,33,"CTRL",33
"M2-PK699A","M2-PK699A",173,14,"CTRL",14
"M2-PK701A","M2-PK701A",133,9,"CTRL",9
"M2-PK705A","M2-PK705A",106,11,"CTRL",11
"M2-PK708A","M2-PK708A",109,7,"CTRL",7
"M2-PK710A","M2-PK710A",105,13,"CTRL",13
"M2-PK712A","M2-PK712A",84,9,"CTRL",9
"M2-PK723A","M2-PK723A",164,17,"CTRL",17
"M2-PK725A","M2-PK725A",145,12,"CTRL",12
"M2-PK729A","M2-PK729A",155,6,"CTRL",6
"M2-PK730A","M2-PK730A",103,0,"CTRL",0
"M2-PK732A","M2-PK732A",86,7,"CTRL",7
"M2-PK750A","M2-PK750A",67,3,"CTRL",3
"M2-PK751A","M2-PK751A",123,5,"CTRL",5
"M2-PK797A","M2-PK797A",164,7,"CTRL",7
"M2-PK801A","M2-PK801A",181,12,"CTRL",12
"S1_001","S1_001",134,11,"CTRL",11
"S1_002","S1_002",163,19,"CTRL",19
"S1_003","S1_003",196,16,"CTRL",16
"S1_004","S1_004",205,11,"CTRL",11
"S1_005","S1_005",533,17,"CTRL",17
"S1_006","S1_006",215,18,"CTRL",18
"S1_007","S1_007",183,13,"CTRL",13
"S1_008","S1_008",182,9,"CTRL",9
"S1_009","S1_009",132,14,"CTRL",14
"S1_010","S1_010",196,28,"CTRL",28
"S1_011","S1_011",202,23,"CTRL",23
"S1_012_merged","S1_012_merged",99,4,"CTRL",4
"S1_013","S1_013",94,4,"CTRL",4
"S1_014","S1_014",163,12,"CTRL",12
"S1_015","S1_015",198,13,"CTRL",13
"S1_016","S1_016",144,11,"CTRL",11
"S1_017","S1_017",155,13,"CTRL",13
"S1_018","S1_018",141,13,"CTRL",13
"S1_019","S1_019",175,7,"CTRL",7
"S1_020","S1_020",186,12,"CTRL",12
"S1_021","S1_021",183,16,"CTRL",16
"S1_022","S1_022",213,16,"CTRL",16
"S1_023","S1_023",119,9,"CTRL",9
"S1_024_merged","S1_024_merged",95,3,"CTRL",3
"S1_025","S1_025",119,7,"CTRL",7
"S1_026","S1_026",175,16,"CTRL",16
"S1_027","S1_027",110,9,"CTRL",9
"S1_028","S1_028",108,8,"CTRL",8
"S1_029","S1_029",80,9,"CTRL",9
"S1_030","S1_030",128,11,"CTRL",11
"S1_031","S1_031",179,14,"CTRL",14
"S1_032","S1_032",195,7,"CTRL",7
"S1_033","S1_033",208,15,"CTRL",15
"S1_034","S1_034",203,11,"CTRL",11
"S1_035","S1_035",218,14,"CTRL",14
"S1_036","S1_036",250,29,"CTRL",29
"S1_037","S1_037",137,12,"CTRL",12
"S1_038","S1_038",96,5,"CTRL",5
"S1_039","S1_039",149,11,"CTRL",11
"S1_040","S1_040",165,11,"CTRL",11
"S1_041","S1_041",275,25,"CTRL",25
"S1_042","S1_042",141,8,"CTRL",8
"S1_043","S1_043",121,3,"CTRL",3
"S1_045","S1_045",193,11,"CTRL",11
"S1_047","S1_047",165,16,"CTRL",16
"S1_048","S1_048",161,14,"CTRL",14
"S1_049","S1_049",106,5,"CTRL",5
"S1_050","S1_050",104,10,"CTRL",10
"S1_051","S1_051",129,11,"CTRL",11
"S1_052","S1_052",119,1,"CTRL",1
"S1_053","S1_053",123,10,"CTRL",10
"S1_054","S1_054",194,10,"CTRL",10
"S1_057","S1_057",160,8,"CTRL",8
"S1_058","S1_058",203,14,"CTRL",14
"S1_060_merged","S1_060_merged",96,4,"CTRL",4
"S1_061","S1_061",170,14,"CTRL",14
"S1_062_merged","S1_062_merged",138,8,"CTRL",8
"S1_064","S1_064",219,21,"CTRL",21
"S1_065","S1_065",175,17,"CTRL",17
"S1_066","S1_066",191,4,"CTRL",4
"S1_067","S1_067",159,8,"CTRL",8
"S1_068","S1_068",180,10,"CTRL",10
"S1_069","S1_069",77,4,"CTRL",4
"S1_070","S1_070",215,8,"CTRL",8
"S1_071","S1_071",166,3,"CTRL",3
"S1_072","S1_072",144,9,"CTRL",9
"S1_073","S1_073",178,9,"CTRL",9
"S1_074","S1_074",209,11,"CTRL",11
"S1_077","S1_077",145,9,"CTRL",9
"S1_078","S1_078",186,19,"CTRL",19
"S1_079","S1_079",159,14,"CTRL",14
"S1_081","S1_081",160,11,"CTRL",11
"S1_083","S1_083",116,6,"CTRL",6
"S1_084","S1_084",223,8,"CTRL",8
"S1_086","S1_086",196,16,"CTRL",16
"S1_087","S1_087",238,24,"CTRL",24
"S1_088","S1_088",195,18,"CTRL",18
"S1_089","S1_089",113,4,"CTRL",4
"S1_089-2","S1_089-2",179,10,"CTRL",10
"S1_091","S1_091",255,29,"CTRL",29
"S1_092","S1_092",157,6,"CTRL",6
"S1_093","S1_093",155,17,"CTRL",17
"S1_094","S1_094",110,9,"CTRL",9
"S1_095","S1_095",214,21,"CTRL",21
"S1_100_merged","S1_100_merged",175,25,"CTRL",25
"S1_102","S1_102",255,23,"CTRL",23
"S1_105","S1_105",150,9,"CTRL",9
"S1_106","S1_106",221,15,"CTRL",15
"S1_107","S1_107",141,7,"CTRL",7
"S1_108","S1_108",160,9,"CTRL",9
"S1_109","S1_109",131,6,"CTRL",6
"S1_110","S1_110",169,11,"CTRL",11
"S1_111","S1_111",126,12,"CTRL",12
"S1_112","S1_112",183,21,"CTRL",21
"S1_113","S1_113",133,12,"CTRL",12
"S1_114","S1_114",154,8,"CTRL",8
"S1_115","S1_115",130,9,"CTRL",9
"S1_116","S1_116",200,7,"CTRL",7
"S1_118","S1_118",227,20,"CTRL",20
"S1_120","S1_120",117,5,"CTRL",5
"S1_121","S1_121",194,21,"CTRL",21
"S1_122","S1_122",155,6,"CTRL",6
"S1_123","S1_123",96,6,"CTRL",6
"S1_124","S1_124",171,14,"CTRL",14
"S1_125","S1_125",196,13,"CTRL",13
"S1_126","S1_126",196,14,"CTRL",14
"S1_127","S1_127",241,21,"CTRL",21
"S1_128","S1_128",185,7,"CTRL",7
"S1_130","S1_130",185,12,"CTRL",12
"S1_132","S1_132",234,24,"CTRL",24
"S2_005","S2_005",170,4,"CTRL",4
"S3_096","S3_096",208,12,"CTRL",12
"SRR14610569","SRR14610569",236,21,"CTRL",21
"SRR14610570","SRR14610570",90,8,"CTRL",8
"SRR14610571","SRR14610571",222,18,"CTRL",18
"SRR14610572","SRR14610572",283,33,"CTRL",33
"SRR14610573","SRR14610573",201,18,"CTRL",18
"SRR14610574","SRR14610574",250,23,"CTRL",23
"SRR14610576","SRR14610576",195,10,"CTRL",10
"SRR14610577","SRR14610577",235,14,"CTRL",14
"SRR14610578","SRR14610578",248,26,"CTRL",26
"SRR14610579","SRR14610579",233,20,"CRC",20
"SRR14610580","SRR14610580",194,16,"CTRL",16
"SRR14610581","SRR14610581",222,30,"CTRL",30
"SRR14610582","SRR14610582",202,18,"CTRL",18
"SRR14610583","SRR14610583",197,20,"CTRL",20
"SRR14610584","SRR14610584",204,11,"CTRL",11
"SRR14610585","SRR14610585",172,5,"CTRL",5
"SRR14610586","SRR14610586",161,23,"CTRL",23
"SRR14610587","SRR14610587",137,8,"CTRL",8
"SRR14610588","SRR14610588",121,9,"CTRL",9
"SRR14610589","SRR14610589",202,13,"CTRL",13
"SRR14610590","SRR14610590",233,13,"CRC",13
"SRR14610591","SRR14610591",233,27,"CRC",27
"SRR14610592","SRR14610592",186,8,"CRC",8
"SRR14610593","SRR14610593",170,21,"CRC",21
"SRR14610595","SRR14610595",216,15,"CRC",15
"SRR14610596","SRR14610596",194,23,"CRC",23
"SRR14610597","SRR14610597",195,11,"CRC",11
"SRR14610598","SRR14610598",198,12,"CRC",12
"SRR14610599","SRR14610599",128,24,"CRC",24
"SRR14610600","SRR14610600",219,8,"CRC",8
"SRR14610601","SRR14610601",152,8,"CRC",8
"SRR14610602","SRR14610602",180,7,"CRC",7
"SRR14610603","SRR14610603",737,0,"CTRL",0
"SRR14610604","SRR14610604",89,4,"CTRL",4
"SRR14610605","SRR14610605",199,8,"CTRL",8
"SRR14610606","SRR14610606",117,7,"CTRL",7
"SRR14610607","SRR14610607",145,7,"CTRL",7
"SRR14610608","SRR14610608",297,19,"CTRL",19
"SRR14610609","SRR14610609",189,25,"CTRL",25
"SRR14610610","SRR14610610",213,16,"CTRL",16
"SRR14610611","SRR14610611",200,8,"CTRL",8
"SRR14610612","SRR14610612",227,17,"CTRL",17
"SRR14610613","SRR14610613",203,14,"CRC",14
"SRR14610614","SRR14610614",181,12,"CTRL",12
"SRR14610615","SRR14610615",114,9,"CTRL",9
"SRR14610616","SRR14610616",215,24,"CTRL",24
"SRR14610617","SRR14610617",167,31,"CTRL",31
"SRR14610618","SRR14610618",149,12,"CTRL",12
"SRR14610619","SRR14610619",164,4,"CTRL",4
"SRR14610620","SRR14610620",99,5,"CTRL",5
"SRR14610621","SRR14610621",221,8,"CTRL",8
"SRR14610622","SRR14610622",240,19,"CTRL",19
"SRR14610623","SRR14610623",194,11,"CTRL",11
"SRR14610624","SRR14610624",155,7,"CRC",7
"SRR14610625","SRR14610625",177,3,"CTRL",3
"SRR14610626","SRR14610626",180,21,"CTRL",21
"SRR14610627","SRR14610627",202,22,"CTRL",22
"SRR14610628","SRR14610628",210,22,"CTRL",22
"SRR14610629","SRR14610629",203,16,"CTRL",16
"SRR14610630","SRR14610630",194,30,"CTRL",30
"SRR14610631","SRR14610631",194,35,"CTRL",35
"SRR14610632","SRR14610632",237,21,"CTRL",21
"SRR14610633","SRR14610633",191,9,"CTRL",9
"SRR14610634","SRR14610634",189,34,"CTRL",34
"SRR14610635","SRR14610635",201,16,"CRC",16
"SRR14610636","SRR14610636",128,9,"CRC",9
"SRR14610637","SRR14610637",215,16,"CRC",16
"SRR14610638","SRR14610638",195,24,"CRC",24
"SRR14610639","SRR14610639",200,16,"CRC",16
"SRR14610640","SRR14610640",165,6,"CRC",6
"SRR14610641","SRR14610641",142,6,"CRC",6
"SRR14610642","SRR14610642",216,32,"CRC",32
"SRR14610643","SRR14610643",211,28,"CRC",28
"SRR14610644","SRR14610644",361,19,"CRC",19
"SRR14610645","SRR14610645",247,33,"CRC",33
"SRR14610646","SRR14610646",208,14,"CRC",14
"SRR14610647","SRR14610647",198,19,"CRC",19
"SRR14610648","SRR14610648",215,10,"CRC",10
"SRR14610650","SRR14610650",187,10,"CRC",10
"SRR14610651","SRR14610651",222,15,"CRC",15
"SRR14610652","SRR14610652",164,4,"CRC",4
"SRR14610653","SRR14610653",243,18,"CRC",18
"SRR14610655","SRR14610655",180,16,"CRC",16
"SRR14610656","SRR14610656",204,9,"CRC",9
"SRR14610657","SRR14610657",122,12,"CRC",12
"SRR14610658","SRR14610658",191,27,"CRC",27
"SRR14610659","SRR14610659",239,32,"CRC",32
"SRR14610660","SRR14610660",157,13,"CTRL",13
"SRR14610661","SRR14610661",170,9,"CTRL",9
"SRR14610662","SRR14610662",179,19,"CTRL",19
"SRR14610663","SRR14610663",138,7,"CTRL",7
"SRR14610664","SRR14610664",171,16,"CTRL",16
"SRR14610665","SRR14610665",141,8,"CTRL",8
"SRR14610666","SRR14610666",208,23,"CRC",23
"SRR14610669","SRR14610669",210,33,"CTRL",33
"SRR14610670","SRR14610670",122,8,"CTRL",8
"SRR14610671","SRR14610671",113,7,"CTRL",7
"SRR14610672","SRR14610672",197,11,"CTRL",11
"SRR14610673","SRR14610673",179,18,"CTRL",18
"SRR14610674","SRR14610674",194,23,"CTRL",23
"SRR14610675","SRR14610675",185,17,"CTRL",17
"SRR14610676","SRR14610676",198,9,"CTRL",9
"SRR14610677","SRR14610677",162,11,"CTRL",11
"SRR14610678","SRR14610678",200,16,"CRC",16
"SRR14610679","SRR14610679",194,18,"CTRL",18
"SRR14610680","SRR14610680",158,23,"CTRL",23
"SRR14610681","SRR14610681",194,17,"CTRL",17
"SRR14610682","SRR14610682",148,17,"CTRL",17
"SRR14610683","SRR14610683",89,3,"CTRL",3
"SRR14610684","SRR14610684",152,12,"CTRL",12
"SRR14610685","SRR14610685",212,31,"CTRL",31
"SRR14610686","SRR14610686",87,7,"CTRL",7
"SRR14610687","SRR14610687",112,6,"CTRL",6
"SRR14610688","SRR14610688",191,20,"CTRL",20
"SRR14610689","SRR14610689",224,36,"CRC",36
"SRR14610690","SRR14610690",197,18,"CTRL",18
"SRR14610691","SRR14610691",185,21,"CTRL",21
"SRR14610692","SRR14610692",172,5,"CTRL",5
"SRR14610693","SRR14610693",193,10,"CTRL",10
"SRR14610695","SRR14610695",186,12,"CTRL",12
"SRR14610697","SRR14610697",239,22,"CTRL",22
"SRR14610698","SRR14610698",114,7,"CTRL",7
"SRR14610699","SRR14610699",165,13,"CRC",13
"SRR14610700","SRR14610700",150,17,"CRC",17
"SRR14610701","SRR14610701",174,9,"CRC",9
"SRR14610702","SRR14610702",189,11,"CRC",11
"SRR14610703","SRR14610703",163,10,"CRC",10
"SRR14610704","SRR14610704",189,24,"CRC",24
"SRR14610705","SRR14610705",112,7,"CRC",7
"SRR14610706","SRR14610706",177,16,"CRC",16
"SRR14610707","SRR14610707",159,13,"CRC",13
"SRR14610708","SRR14610708",144,12,"CRC",12
"SRR14610709","SRR14610709",106,6,"CRC",6
"SRR14610710","SRR14610710",192,21,"CRC",21
"SRR14610711","SRR14610711",145,8,"CRC",8
"SRR14610714","SRR14610714",175,12,"CRC",12
"SRR14610715","SRR14610715",201,27,"CRC",27
"SRR14610716","SRR14610716",284,26,"CRC",26
"SRR14610717","SRR14610717",203,14,"CRC",14
"SRR14610718","SRR14610718",238,21,"CRC",21
"SRR14610719","SRR14610719",80,7,"CRC",7
"SRR14610720","SRR14610720",226,24,"CRC",24
"SRR14610721","SRR14610721",185,8,"CRC",8
"SRR14610723","SRR14610723",230,17,"CRC",17
"SRR14610724","SRR14610724",235,17,"CRC",17
"SRR14610725","SRR14610725",245,8,"CRC",8
"SRR14610726","SRR14610726",123,7,"CRC",7
"SRR14610727","SRR14610727",226,29,"CRC",29
"SRR14610728","SRR14610728",160,13,"CRC",13
"SRR14610729","SRR14610729",185,29,"CRC",29
"SRR14610730","SRR14610730",164,11,"CRC",11
"SRR14610731","SRR14610731",173,6,"CTRL",6
"SRR14610732","SRR14610732",171,15,"CRC",15
"SRR14610733","SRR14610733",165,23,"CRC",23
"SRR14610734","SRR14610734",225,20,"CRC",20
"SRR14610654","SRR14610654",204,25,"CRC",25
"SRR14610667","SRR14610667",177,18,"CRC",18
"SRR14610712","SRR14610712",178,7,"CRC",7
"DRR171459","DRR171459",125,1,"CRC",1
"DRR171949","DRR171949",145,7,"CRC",7
"DRR171460","DRR171460",139,3,"CRC",3
"DRR127774","DRR127774",148,6,"CRC",6
"DRR171961","DRR171961",105,4,"CRC",4
"DRR171958","DRR171958",113,7,"CRC",7
"DRR171960","DRR171960",125,13,"CRC",13
"DRR171963","DRR171963",97,5,"CRC",5
"DRR171966","DRR171966",92,5,"CRC",5
"DRR127789","DRR127789",132,8,"CRC",8
"DRR127754","DRR127754",104,6,"CRC",6
"DRR127491","DRR127491",56,0,"CRC",0
"DRR171738","DRR171738",176,10,"CRC",10
"DRR171739","DRR171739",156,11,"CRC",11
"DRR171744","DRR171744",151,10,"CRC",10
"DRR171740","DRR171740",90,6,"CRC",6
"DRR171742","DRR171742",171,7,"CRC",7
"DRR127514","DRR127514",154,22,"CRC",22
"DRR127515","DRR127515",146,11,"CRC",11
"DRR127517","DRR127517",175,16,"CRC",16
"DRR171759","DRR171759",68,1,"CRC",1
"DRR127509","DRR127509",151,12,"CRC",12
"DRR127519","DRR127519",83,5,"CRC",5
"DRR171760","DRR171760",157,14,"CRC",14
"DRR127521","DRR127521",162,10,"CRC",10
"DRR171764","DRR171764",97,9,"CRC",9
"DRR127476","DRR127476",204,8,"CRC",8
"DRR171728","DRR171728",52,8,"CRC",8
"DRR171465","DRR171465",159,3,"CRC",3
"DRR127478","DRR127478",151,10,"CRC",10
"DRR171780","DRR171780",91,7,"CRC",7
"DRR171781","DRR171781",90,12,"CRC",12
"DRR171784","DRR171784",98,2,"CRC",2
"DRR171785","DRR171785",107,8,"CRC",8
"DRR127507","DRR127507",92,5,"CRC",5
"DRR171753","DRR171753",48,2,"CRC",2
"DRR172009","DRR172009",150,4,"CRC",4
"DRR171749","DRR171749",122,4,"CRC",4
"DRR171750","DRR171750",170,9,"CRC",9
"DRR127536","DRR127536",83,5,"CRC",5
"DRR171766","DRR171766",137,4,"CRC",4
"DRR171767","DRR171767",95,5,"CRC",5
"DRR171768","DRR171768",104,4,"CRC",4
"DRR171769","DRR171769",159,5,"CRC",5
"DRR127485","DRR127485",118,7,"CRC",7
"DRR171734","DRR171734",157,17,"CRC",17
"DRR171735","DRR171735",146,11,"CRC",11
"DRR171730","DRR171730",155,17,"CRC",17
"DRR127481","DRR127481",97,10,"CRC",10
"DRR171731","DRR171731",210,7,"CRC",7
"DRR171472","DRR171472",173,8,"CRC",8
"DRR171945","DRR171945",74,5,"CRC",5
"DRR171947","DRR171947",120,5,"CRC",5
"DRR127767","DRR127767",120,10,"CRC",10
"DRR171799","DRR171799",132,10,"CRC",10
"DRR171789","DRR171789",161,15,"CRC",15
"DRR127559","DRR127559",136,6,"CRC",6
"DRR171790","DRR171790",115,5,"CRC",5
"DRR171792","DRR171792",76,5,"CRC",5
"DRR171794","DRR171794",193,17,"CRC",17
"DRR171795","DRR171795",183,2,"CRC",2
"DRR127567","DRR127567",154,3,"CRC",3
"DRR171797","DRR171797",91,7,"CRC",7
"DRR127580","DRR127580",116,13,"CRC",13
"DRR171805","DRR171805",80,7,"CRC",7
"DRR171806","DRR171806",167,8,"CRC",8
"DRR171832","DRR171832",147,13,"CRC",13
"DRR127579","DRR127579",150,10,"CRC",10
"DRR171800","DRR171800",145,3,"CRC",3
"DRR171814","DRR171814",93,3,"CRC",3
"DRR171815","DRR171815",77,5,"CRC",5
"DRR127557","DRR127557",174,15,"CRC",15
"DRR171819","DRR171819",96,8,"CRC",8
"DRR171820","DRR171820",175,9,"CRC",9
"DRR162777","DRR162777",82,6,"CRC",6
"DRR171824","DRR171824",170,7,"CRC",7
"DRR127603","DRR127603",81,9,"CRC",9
"DRR127617","DRR127617",145,7,"CRC",7
"DRR162778","DRR162778",193,5,"CRC",5
"DRR162779","DRR162779",107,9,"CRC",9
"DRR171839","DRR171839",86,3,"CRC",3
"DRR171489","DRR171489",84,0,"CRC",0
"DRR171818","DRR171818",13,2,"CRC",2
"DRR171493","DRR171493",140,10,"CRC",10
"DRR127594","DRR127594",83,6,"CRC",6
"DRR171831","DRR171831",78,2,"CRC",2
"DRR171841","DRR171841",179,9,"CRC",9
"DRR127625","DRR127625",106,8,"CRC",8
"DRR171887","DRR171887",112,2,"CRC",2
"DRR171858","DRR171858",77,10,"CRC",10
"DRR171896","DRR171896",162,13,"CRC",13
"DRR127646","DRR127646",115,5,"CRC",5
"DRR127647","DRR127647",144,14,"CRC",14
"DRR127685","DRR127685",176,10,"CRC",10
"DRR171859","DRR171859",145,3,"CRC",3
"DRR171891","DRR171891",127,9,"CRC",9
"DRR171898","DRR171898",30,0,"CRC",0
"DRR171860","DRR171860",152,9,"CRC",9
"DRR171861","DRR171861",146,3,"CRC",3
"DRR171846","DRR171846",148,14,"CRC",14
"DRR171847","DRR171847",85,3,"CRC",3
"DRR171892","DRR171892",190,9,"CRC",9
"DRR171893","DRR171893",56,9,"CRC",9
"DRR171901","DRR171901",160,13,"CRC",13
"DRR171873","DRR171873",90,11,"CRC",11
"DRR171880","DRR171880",151,6,"CRC",6
"DRR127674","DRR127674",84,11,"CRC",11
"DRR171905","DRR171905",76,6,"CRC",6
"DRR171874","DRR171874",77,11,"CRC",11
"DRR171875","DRR171875",119,4,"CRC",4
"DRR171881","DRR171881",80,5,"CRC",5
"DRR171906","DRR171906",97,5,"CRC",5
"DRR127666","DRR127666",94,3,"CRC",3
"DRR171907","DRR171907",83,6,"CRC",6
"DRR171884","DRR171884",84,9,"CRC",9
"DRR127708","DRR127708",161,12,"CRC",12
"DRR127700","DRR127700",112,5,"CRC",5
"DRR171909","DRR171909",50,2,"CRC",2
"DRR127669","DRR127669",79,8,"CRC",8
"DRR171878","DRR171878",119,5,"CRC",5
"DRR171879","DRR171879",41,7,"CRC",7
"DRR171904","DRR171904",132,10,"CRC",10
"DRR171910","DRR171910",118,4,"CRC",4
"DRR171911","DRR171911",167,9,"CRC",9
"DRR171848","DRR171848",127,8,"CRC",8
"DRR171851","DRR171851",90,5,"CRC",5
"DRR127638","DRR127638",67,8,"CRC",8
"DRR171867","DRR171867",122,8,"CRC",8
"DRR127718","DRR127718",119,8,"CRC",8
"DRR171504","DRR171504",183,9,"CRC",9
"DRR171869","DRR171869",106,10,"CRC",10
"DRR171916","DRR171916",68,9,"CRC",9
"DRR171871","DRR171871",101,2,"CRC",2
"DRR127720","DRR127720",202,19,"CRC",19
"DRR171511","DRR171511",99,10,"CRC",10
"DRR171519","DRR171519",105,8,"CRC",8
"DRR171522","DRR171522",113,0,"CRC",0
"DRR171534","DRR171534",99,3,"CRC",3
"DRR171537","DRR171537",134,9,"CRC",9
"DRR171540","DRR171540",61,4,"CRC",4
"DRR171541","DRR171541",157,14,"CRC",14
"DRR171544","DRR171544",104,9,"CRC",9
"DRR171548","DRR171548",145,2,"CRC",2
"DRR171549","DRR171549",75,2,"CRC",2
"DRR171550","DRR171550",100,5,"CRC",5
"DRR171551","DRR171551",72,6,"CRC",6
"DRR171556","DRR171556",91,0,"CRC",0
"DRR171557","DRR171557",112,1,"CRC",1
"DRR171558","DRR171558",149,12,"CRC",12
"DRR171561","DRR171561",52,1,"CRC",1
"DRR171574","DRR171574",107,7,"CRC",7
"DRR171597","DRR171597",64,4,"CRC",4
"DRR171618","DRR171618",97,4,"CRC",4
"DRR171622","DRR171622",179,8,"CRC",8
"DRR171627","DRR171627",92,5,"CRC",5
"DRR171658","DRR171658",105,6,"CRC",6
"DRR171661","DRR171661",118,6,"CRC",6
"DRR171664","DRR171664",207,12,"CRC",12
"DRR171665","DRR171665",80,10,"CRC",10
"DRR171666","DRR171666",121,9,"CRC",9
"DRR171667","DRR171667",108,8,"CRC",8
"DRR171668","DRR171668",119,8,"CRC",8
"DRR171670","DRR171670",109,8,"CRC",8
"DRR171672","DRR171672",122,7,"CRC",7
"DRR171675","DRR171675",130,3,"CRC",3
"DRR171677","DRR171677",123,9,"CRC",9
"DRR171680","DRR171680",169,4,"CRC",4
"DRR171681","DRR171681",176,7,"CRC",7
"DRR171682","DRR171682",107,11,"CRC",11
"DRR171683","DRR171683",113,6,"CRC",6
"DRR171684","DRR171684",89,3,"CRC",3
"DRR171685","DRR171685",106,3,"CRC",3
"DRR171688","DRR171688",130,3,"CRC",3
"DRR171690","DRR171690",111,12,"CRC",12
"DRR171692","DRR171692",81,5,"CRC",5
"DRR171693","DRR171693",109,4,"CRC",4
"DRR171695","DRR171695",166,4,"CRC",4
"DRR171696","DRR171696",136,4,"CRC",4
"DRR171697","DRR171697",64,6,"CRC",6
"DRR171701","DRR171701",134,7,"CRC",7
"DRR171702","DRR171702",136,7,"CRC",7
"DRR171704","DRR171704",167,8,"CRC",8
"DRR171706","DRR171706",90,3,"CRC",3
"DRR171707","DRR171707",105,2,"CRC",2
"DRR171708","DRR171708",121,7,"CRC",7
"DRR171709","DRR171709",48,6,"CRC",6
"DRR171950","DRR171950",88,10,"CTRL",10
"DRR171957","DRR171957",88,8,"CTRL",8
"DRR171959","DRR171959",157,9,"CTRL",9
"DRR171919","DRR171919",92,3,"CTRL",3
"DRR171917","DRR171917",147,10,"CTRL",10
"DRR127724","DRR127724",145,5,"CTRL",5
"DRR171951","DRR171951",156,10,"CTRL",10
"DRR171952","DRR171952",91,3,"CTRL",3
"DRR171954","DRR171954",123,8,"CTRL",8
"DRR127777","DRR127777",116,7,"CTRL",7
"DRR171921","DRR171921",109,9,"CTRL",9
"DRR171953","DRR171953",111,8,"CTRL",8
"DRR127776","DRR127776",129,6,"CTRL",6
"DRR127751","DRR127751",177,8,"CTRL",8
"DRR171964","DRR171964",178,8,"CTRL",8
"DRR127752","DRR127752",139,12,"CTRL",12
"DRR171938","DRR171938",123,6,"CTRL",6
"DRR171939","DRR171939",131,10,"CTRL",10
"DRR171965","DRR171965",89,7,"CTRL",7
"DRR171737","DRR171737",154,10,"CTRL",10
"DRR171745","DRR171745",133,9,"CTRL",9
"DRR171747","DRR171747",88,5,"CTRL",5
"DRR171812","DRR171812",83,3,"CTRL",3
"DRR171741","DRR171741",159,3,"CTRL",3
"DRR171813","DRR171813",88,4,"CTRL",4
"DRR171755","DRR171755",95,8,"CTRL",8
"DRR127588","DRR127588",45,2,"CTRL",2
"DRR171798","DRR171798",134,4,"CTRL",4
"DRR127728","DRR127728",107,2,"CTRL",2
"DRR173017","DRR173017",108,1,"CTRL",1
"DRR171925","DRR171925",158,4,"CTRL",4
"DRR171762","DRR171762",95,2,"CTRL",2
"DRR127524","DRR127524",181,8,"CTRL",8
"DRR171763","DRR171763",172,4,"CTRL",4
"DRR171922","DRR171922",79,5,"CTRL",5
"DRR171765","DRR171765",153,13,"CTRL",13
"DRR171724","DRR171724",150,10,"CTRL",10
"DRR171923","DRR171923",193,16,"CTRL",16
"DRR127731","DRR127731",167,11,"CTRL",11
"DRR171725","DRR171725",92,2,"CTRL",2
"DRR171726","DRR171726",88,5,"CTRL",5
"DRR171727","DRR171727",179,12,"CTRL",12
"DRR127737","DRR127737",162,5,"CTRL",5
"DRR171928","DRR171928",149,6,"CTRL",6
"DRR171786","DRR171786",109,14,"CTRL",14
"DRR127736","DRR127736",143,8,"CTRL",8
"DRR171782","DRR171782",129,10,"CTRL",10
"DRR171930","DRR171930",135,7,"CTRL",7
"DRR171783","DRR171783",84,5,"CTRL",5
"DRR171931","DRR171931",94,6,"CTRL",6
"DRR127552","DRR127552",70,5,"CTRL",5
"DRR171933","DRR171933",192,9,"CTRL",9
"DRR171934","DRR171934",137,4,"CTRL",4
"DRR171467","DRR171467",99,7,"CTRL",7
"DRR171935","DRR171935",94,10,"CTRL",10
"DRR171936","DRR171936",119,7,"CTRL",7
"DRR171469","DRR171469",169,8,"CTRL",8
"DRR171771","DRR171771",143,10,"CTRL",10
"DRR127535","DRR127535",126,4,"CTRL",4
"DRR127748","DRR127748",68,8,"CTRL",8
"DRR127532","DRR127532",151,4,"CTRL",4
"DRR171770","DRR171770",83,5,"CTRL",5
"DRR171733","DRR171733",86,4,"CTRL",4
"DRR127755","DRR127755",146,13,"CTRL",13
"DRR127488","DRR127488",116,4,"CTRL",4
"DRR127756","DRR127756",174,9,"CTRL",9
"DRR171941","DRR171941",100,11,"CTRL",11
"DRR171942","DRR171942",74,3,"CTRL",3
"DRR171777","DRR171777",153,5,"CTRL",5
"DRR171779","DRR171779",85,8,"CTRL",8
"DRR127546","DRR127546",104,3,"CTRL",3
"DRR127537","DRR127537",156,11,"CTRL",11
"DRR171772","DRR171772",149,8,"CTRL",8
"DRR127762","DRR127762",106,5,"CTRL",5
"DRR171773","DRR171773",114,5,"CTRL",5
"DRR127763","DRR127763",109,4,"CTRL",4
"DRR171943","DRR171943",66,7,"CTRL",7
"DRR171948","DRR171948",90,8,"CTRL",8
"DRR171474","DRR171474",69,7,"CTRL",7
"DRR171802","DRR171802",160,4,"CTRL",4
"DRR171791","DRR171791",151,10,"CTRL",10
"DRR171793","DRR171793",107,4,"CTRL",4
"DRR171796","DRR171796",179,11,"CTRL",11
"DRR127583","DRR127583",94,8,"CTRL",8
"DRR171810","DRR171810",104,11,"CTRL",11
"DRR127616","DRR127616",93,11,"CTRL",11
"DRR162775","DRR162775",83,2,"CTRL",2
"DRR171477","DRR171477",182,12,"CTRL",12
"DRR171833","DRR171833",170,11,"CTRL",11
"DRR171807","DRR171807",137,7,"CTRL",7
"DRR171479","DRR171479",177,10,"CTRL",10
"DRR162776","DRR162776",131,18,"CTRL",18
"DRR171801","DRR171801",109,8,"CTRL",8
"DRR127596","DRR127596",137,3,"CTRL",3
"DRR127597","DRR127597",99,4,"CTRL",4
"DRR171821","DRR171821",104,4,"CTRL",4
"DRR171825","DRR171825",82,8,"CTRL",8
"DRR173016","DRR173016",77,5,"CTRL",5
"DRR127619","DRR127619",133,9,"CTRL",9
"DRR171838","DRR171838",76,1,"CTRL",1
"DRR171487","DRR171487",72,10,"CTRL",10
"DRR171840","DRR171840",86,6,"CTRL",6
"DRR171829","DRR171829",156,8,"CTRL",8
"DRR171488","DRR171488",121,4,"CTRL",4
"DRR127613","DRR127613",138,5,"CTRL",5
"DRR171816","DRR171816",45,2,"CTRL",2
"DRR171817","DRR171817",153,15,"CTRL",15
"DRR171834","DRR171834",80,6,"CTRL",6
"DRR171886","DRR171886",204,14,"CTRL",14
"DRR171855","DRR171855",87,4,"CTRL",4
"DRR171856","DRR171856",76,5,"CTRL",5
"DRR171842","DRR171842",88,9,"CTRL",9
"DRR171843","DRR171843",176,10,"CTRL",10
"DRR127692","DRR127692",167,8,"CTRL",8
"DRR127683","DRR127683",78,8,"CTRL",8
"DRR127628","DRR127628",142,4,"CTRL",4
"DRR171890","DRR171890",127,9,"CTRL",9
"DRR171897","DRR171897",143,8,"CTRL",8
"DRR127649","DRR127649",148,10,"CTRL",10
"DRR171845","DRR171845",60,2,"CTRL",2
"DRR171899","DRR171899",75,15,"CTRL",15
"DRR171862","DRR171862",114,8,"CTRL",8
"DRR171872","DRR171872",165,7,"CTRL",7
"DRR127672","DRR127672",73,10,"CTRL",10
"DRR127704","DRR127704",108,7,"CTRL",7
"DRR171876","DRR171876",78,5,"CTRL",5
"DRR127707","DRR127707",112,3,"CTRL",3
"DRR171902","DRR171902",12,2,"CTRL",2
"DRR127634","DRR127634",93,6,"CTRL",6
"DRR127713","DRR127713",105,6,"CTRL",6
"DRR171497","DRR171497",175,12,"CTRL",12
"DRR171863","DRR171863",79,3,"CTRL",3
"DRR171499","DRR171499",83,10,"CTRL",10
"DRR171849","DRR171849",171,13,"CTRL",13
"DRR171500","DRR171500",129,7,"CTRL",7
"DRR171850","DRR171850",93,5,"CTRL",5
"DRR171864","DRR171864",93,7,"CTRL",7
"DRR171865","DRR171865",161,15,"CTRL",15
"DRR171503","DRR171503",161,9,"CTRL",9
"DRR171915","DRR171915",153,7,"CTRL",7
"DRR171506","DRR171506",105,8,"CTRL",8
"DRR171852","DRR171852",142,18,"CTRL",18
"DRR171870","DRR171870",82,5,"CTRL",5
"DRR127721","DRR127721",150,17,"CTRL",17
"DRR171509","DRR171509",95,6,"CTRL",6
"DRR171513","DRR171513",157,13,"CTRL",13
"DRR171514","DRR171514",90,13,"CTRL",13
"DRR171515","DRR171515",87,2,"CTRL",2
"DRR171517","DRR171517",55,0,"CTRL",0
"DRR171518","DRR171518",55,2,"CTRL",2
"DRR171523","DRR171523",74,4,"CTRL",4
"DRR171525","DRR171525",90,12,"CTRL",12
"DRR171527","DRR171527",109,1,"CTRL",1
"DRR171530","DRR171530",134,6,"CTRL",6
"DRR171538","DRR171538",149,6,"CTRL",6
"DRR171539","DRR171539",172,13,"CTRL",13
"DRR171543","DRR171543",62,7,"CTRL",7
"DRR171545","DRR171545",144,7,"CTRL",7
"DRR171546","DRR171546",77,4,"CTRL",4
"DRR171552","DRR171552",57,8,"CTRL",8
"DRR171555","DRR171555",107,7,"CTRL",7
"DRR171560","DRR171560",119,6,"CTRL",6
"DRR171562","DRR171562",57,0,"CTRL",0
"DRR171563","DRR171563",174,11,"CTRL",11
"DRR171564","DRR171564",58,7,"CTRL",7
"DRR171565","DRR171565",80,10,"CTRL",10
"DRR171566","DRR171566",80,2,"CTRL",2
"DRR171567","DRR171567",96,12,"CTRL",12
"DRR171568","DRR171568",89,5,"CTRL",5
"DRR171569","DRR171569",107,7,"CTRL",7
"DRR171571","DRR171571",82,10,"CTRL",10
"DRR171572","DRR171572",118,9,"CTRL",9
"DRR171576","DRR171576",40,1,"CTRL",1
"DRR171578","DRR171578",86,6,"CTRL",6
"DRR171580","DRR171580",92,7,"CTRL",7
"DRR171581","DRR171581",158,7,"CTRL",7
"DRR171582","DRR171582",150,7,"CTRL",7
"DRR171585","DRR171585",105,4,"CTRL",4
"DRR171586","DRR171586",119,7,"CTRL",7
"DRR171587","DRR171587",112,1,"CTRL",1
"DRR171588","DRR171588",180,11,"CTRL",11
"DRR171589","DRR171589",153,28,"CTRL",28
"DRR171591","DRR171591",106,5,"CTRL",5
"DRR171592","DRR171592",68,2,"CTRL",2
"DRR171594","DRR171594",72,6,"CTRL",6
"DRR171598","DRR171598",162,6,"CTRL",6
"DRR171599","DRR171599",74,7,"CTRL",7
"DRR171601","DRR171601",84,5,"CTRL",5
"DRR171604","DRR171604",118,10,"CTRL",10
"DRR171605","DRR171605",123,4,"CTRL",4
"DRR171606","DRR171606",108,7,"CTRL",7
"DRR171607","DRR171607",85,4,"CTRL",4
"DRR171608","DRR171608",113,6,"CTRL",6
"DRR171610","DRR171610",131,14,"CTRL",14
"DRR171613","DRR171613",117,5,"CTRL",5
"DRR171616","DRR171616",112,12,"CTRL",12
"DRR171617","DRR171617",84,0,"CTRL",0
"DRR171619","DRR171619",109,12,"CTRL",12
"DRR171620","DRR171620",115,6,"CTRL",6
"DRR171621","DRR171621",165,6,"CTRL",6
"DRR171623","DRR171623",68,12,"CTRL",12
"DRR171624","DRR171624",153,7,"CTRL",7
"DRR171625","DRR171625",164,4,"CTRL",4
"DRR171626","DRR171626",78,3,"CTRL",3
"DRR171628","DRR171628",173,6,"CTRL",6
"DRR171629","DRR171629",99,7,"CTRL",7
"DRR171631","DRR171631",91,11,"CTRL",11
"DRR171637","DRR171637",84,9,"CTRL",9
"DRR171639","DRR171639",108,8,"CTRL",8
"DRR171640","DRR171640",176,10,"CTRL",10
"DRR171641","DRR171641",71,5,"CTRL",5
"DRR171642","DRR171642",107,7,"CTRL",7
"DRR171643","DRR171643",81,7,"CTRL",7
"DRR171644","DRR171644",136,2,"CTRL",2
"DRR171645","DRR171645",207,22,"CTRL",22
"DRR171646","DRR171646",97,10,"CTRL",10
"DRR171647","DRR171647",58,7,"CTRL",7
"DRR171648","DRR171648",107,8,"CTRL",8
"DRR171650","DRR171650",81,4,"CTRL",4
"DRR171651","DRR171651",128,9,"CTRL",9
"DRR171652","DRR171652",170,11,"CTRL",11
"DRR171653","DRR171653",16,1,"CTRL",1
"DRR171654","DRR171654",83,6,"CTRL",6
"DRR171655","DRR171655",126,12,"CTRL",12
"DRR171656","DRR171656",96,4,"CTRL",4
"DRR171657","DRR171657",135,11,"CTRL",11
"DRR171659","DRR171659",94,8,"CTRL",8
"DRR171662","DRR171662",72,4,"CTRL",4
"DRR171663","DRR171663",47,9,"CTRL",9
"DRR171673","DRR171673",188,12,"CTRL",12
"DRR171676","DRR171676",141,11,"CTRL",11
"DRR171686","DRR171686",109,5,"CTRL",5
"DRR171689","DRR171689",97,4,"CTRL",4
"DRR171691","DRR171691",110,11,"CTRL",11
"DRR171694","DRR171694",129,10,"CTRL",10
"DRR171698","DRR171698",111,9,"CTRL",9
"DRR171700","DRR171700",85,5,"CTRL",5
"DRR171705","DRR171705",145,4,"CTRL",4
"DRR171710","DRR171710",112,6,"CTRL",6
"DRR171711","DRR171711",104,7,"CTRL",7
"DRR171712","DRR171712",138,12,"CTRL",12
"DRR171713","DRR171713",158,0,"CTRL",0
"DRR171714","DRR171714",68,8,"CTRL",8
"DRR171715","DRR171715",80,3,"CTRL",3
"DRR171716","DRR171716",107,8,"CTRL",8
"DRR171717","DRR171717",72,2,"CTRL",2
"DRR171718","DRR171718",5,0,"CTRL",0
"DRR171719","DRR171719",108,9,"CTRL",9
"DRR171720","DRR171720",97,5,"CTRL",5
"DRR171721","DRR171721",40,2,"CTRL",2
"DRR171722","DRR171722",74,6,"CTRL",6
"DRR171723","DRR171723",125,6,"CTRL",6
